entry,base_len,tightness,stop_pct,target_R,max_hold,undercut_depth,breakout_buffer,bottom_zone,trades,win_rate,total_ret,avg_ret,expectancy_R,avg_win,avg_loss,profit_factor,max_dd,avg_hold
undercut,5,0.05,0.05,2.0,20,0.005,,,9450,0.43047619047619046,30.515705344740464,0.0032291751687556045,0.06458350337511208,0.06849410325784039,-0.04610150626312788,1.1229885281324048,2.3641833757572446,11.854074074074074
undercut,5,0.05,0.08,2.0,20,0.005,,,8676,0.48939603503918855,34.7820314357527,0.004008993941419168,0.05011242426773958,0.07031395711436499,-0.05954199333450137,1.131864486306679,3.8568230973357567,16.247810050714616
undercut,5,0.05,0.05,2.0,20,0.015,,,3808,0.43146008403361347,16.534677955532707,0.004342089799247034,0.08684179598494067,0.07220287837365205,-0.047156882777079724,1.1619543997573119,1.5016728727266644,11.149159663865547
undercut,5,0.05,0.08,2.0,20,0.015,,,3667,0.49222797927461137,19.608388788823184,0.005347256282744255,0.0668407035343032,0.0750696127182174,-0.06224074230266338,1.169194978353887,3.08589372788116,15.799836378511044
undercut,5,0.1,0.05,2.0,20,0.005,,,4843,0.4109023332645055,28.308654376624744,0.005845272429614855,0.11690544859229712,0.0840721156650144,-0.048718841849545697,1.20366692144362,1.6135341342474216,8.445798059054304
undercut,5,0.1,0.08,2.0,20,0.005,,,4461,0.4669356646491818,34.99746640128819,0.007845206545906343,0.09806508182382928,0.09529941419289575,-0.06875997197750786,1.2140371029092472,1.8131823722987814,13.533512665321677
undercut,5,0.1,0.05,2.0,20,0.015,,,2464,0.39732142857142855,12.784922290642193,0.005188685994578812,0.10377371989157623,0.08795850669607758,-0.04937808469011296,1.1743562014185942,1.7000474178418505,7.3814935064935066
undercut,5,0.1,0.08,2.0,20,0.015,,,2321,0.44377423524342957,16.63274228625303,0.007166196590371835,0.08957745737964794,0.10534080579984588,-0.07116056366195836,1.1810498780908503,2.6476599213270386,12.47867298578199
undercut,10,0.05,0.05,2.0,20,0.005,,,3363,0.4415700267618198,6.065445533433839,0.0018035817821688489,0.03607163564337697,0.06018302778475282,-0.04435907919431529,1.0728089212948024,2.40972663798323,13.55664585191793
undercut,10,0.05,0.08,2.0,20,0.005,,,3306,0.4906231094978826,6.440723361216511,0.0019481921842760166,0.024352402303450205,0.060105020736855905,-0.05406747047147492,1.0707386076057945,3.069691384930989,17.372353297035694
undercut,10,0.05,0.05,2.0,20,0.015,,,994,0.4245472837022133,0.8103665551045705,0.000815258103726932,0.016305162074538623,0.06353264768983581,-0.04545526358392682,1.0311674520173122,2.244607292733119,12.761569416498993
undercut,10,0.05,0.08,2.0,20,0.015,,,989,0.47017189079878663,-0.09286204966638723,-9.389489349483036e-05,-0.0011736861686853812,0.06459358411252569,-0.057497860041967254,0.9969178391699144,3.1080736149668047,16.689585439838222
undercut,10,0.1,0.05,2.0,20,0.005,,,3713,0.39940748720711017,9.244056076221442,0.0024896461287965102,0.04979292257593021,0.07817216835567725,-0.04784092806961791,1.0866479141055962,2.7790335207326065,9.75626178292486
undercut,10,0.1,0.08,2.0,20,0.005,,,3522,0.46308915388983535,12.392398465561314,0.0035185685592167273,0.043982106990209095,0.08247948810681067,-0.0645857465027218,1.1014675459377852,2.9901663988397438,14.733674048835889
undercut,10,0.1,0.05,2.0,20,0.015,,,1650,0.3981818181818182,5.971563573636369,0.0036191294385674966,0.07238258877134993,0.08195347096330818,-0.04820933217447846,1.1247405619764135,1.7817663755078756,8.944848484848485
undercut,10,0.1,0.08,2.0,20,0.015,,,1597,0.44708829054477145,5.277574080866857,0.0033046800756836923,0.04130850094604615,0.08957953259018267,-0.06645777144793155,1.08993481813385,2.871041467330733,14.085785848465873
undercut,20,0.05,0.05,2.0,20,0.005,,,416,0.4807692307692308,1.8486145025055007,0.004443784861792069,0.08887569723584138,0.05461751026262352,-0.042013368287125936,1.2037066015767424,0.913527120242769,15.295673076923077
undercut,20,0.05,0.08,2.0,20,0.005,,,416,0.5,1.715001941220338,0.004122600820241198,0.05153251025301497,0.05592699606654198,-0.04768179442605958,1.1729213788979413,1.325980782739923,18.30048076923077
undercut,20,0.05,0.05,2.0,20,0.015,,,71,0.4788732394366197,0.4969304543963968,0.0069990204844562936,0.13998040968912587,0.059567048555908345,-0.04130673504066181,1.3251419607069737,0.4058361259242049,14.746478873239436
undercut,20,0.05,0.08,2.0,20,0.015,,,71,0.5211267605633803,0.6365387872520529,0.008965335031719056,0.11206668789648819,0.05789317369940481,-0.044279665871350744,1.4228064658667212,0.500727249449817,18.56338028169014
undercut,20,0.1,0.05,2.0,20,0.005,,,1813,0.43739658025372313,6.587024792545638,0.003633218308078124,0.07266436616156248,0.06880427539043538,-0.04703408391379374,1.1373018650795552,2.4235923556622723,11.68450082735797
undercut,20,0.1,0.08,2.0,20,0.005,,,1787,0.49468382764409624,7.065059680155221,0.003953586838363302,0.049419835479541256,0.0703615435147012,-0.06105708171300181,1.128142160372774,2.8142864707181605,16.318970341354223
undercut,20,0.1,0.05,2.0,20,0.015,,,639,0.4460093896713615,4.176588417806393,0.006536132109243181,0.1307226421848636,0.07320216991484546,-0.04713567798848746,1.2503045011798997,1.298812265744608,11.045383411580595
undercut,20,0.1,0.08,2.0,20,0.015,,,634,0.5126182965299685,5.377208952487511,0.008481402133261057,0.10601752666576322,0.07533516315761922,-0.0618340423098341,1.281430261874642,1.245709524708495,16.063091482649842
undercut,40,0.05,0.05,2.0,20,0.005,,,4,0.5,0.006438240410902241,0.0016095601027255602,0.0321912020545112,0.054219120205451166,-0.051000000000000045,1.0631200040284532,0.051000000000000045,14.0
undercut,40,0.05,0.08,2.0,20,0.005,,,4,0.5,-0.0074628430522134526,-0.0018657107630533631,-0.02332138453816701,0.07343369510423658,-0.07716511663034331,0.951643674123089,0.08100000000000007,17.0
undercut,40,0.05,0.05,2.0,20,0.015,,,1,0.0,-0.022389936076053107,-0.022389936076053107,-0.44779872152106215,0.0,-0.022389936076053107,0.0,0.0,20.0
undercut,40,0.05,0.08,2.0,20,0.015,,,1,0.0,-0.022389936076053107,-0.022389936076053107,-0.27987420095066384,0.0,-0.022389936076053107,0.0,0.0,20.0
undercut,40,0.1,0.05,2.0,20,0.005,,,376,0.4654255319148936,1.9580895425795035,0.005207684953668893,0.10415369907337785,0.059853492016031386,-0.042369510249880546,1.229923333084454,0.8343045375503924,13.904255319148936
undercut,40,0.1,0.08,2.0,20,0.005,,,376,0.5132978723404256,1.9446041205454307,0.0051718194695357204,0.06464774336919651,0.05865561687704508,-0.05123458981816541,1.207403866461147,1.4205253103375353,17.486702127659573
undercut,40,0.1,0.05,2.0,20,0.015,,,102,0.46078431372549017,0.31675651578043174,0.003105456037063056,0.06210912074126112,0.05835363454707221,-0.04410662378058115,1.1305747047535664,0.6715459232391136,13.372549019607844
undercut,40,0.1,0.08,2.0,20,0.015,,,102,0.5294117647058824,0.3291143073662275,0.003226610856531642,0.04033263570664554,0.054955132264020254,-0.05496797572689305,1.1247371397519952,0.7921755747167303,16.99019607843137
breakout,5,0.05,0.05,2.0,20,,0.0,,14167,0.4288840262582057,24.292948896798762,0.0017147560455141359,0.0342951209102827,0.06508232287714132,-0.04587161598130168,1.0654536689421896,2.9706716510936726,12.243735441519023
breakout,5,0.05,0.08,2.0,20,,0.0,,12629,0.49045846860400666,36.904806940908344,0.0029222271708692965,0.036527839635866206,0.06699557918872547,-0.05875148571158619,1.0976147694678453,4.786549892810523,16.446116082033416
breakout,5,0.05,0.05,2.0,20,,0.005,,12921,0.4306942187137218,23.62922582242095,0.0018287459037552008,0.036574918075104004,0.06511834971200738,-0.04605143968527734,1.0697532681414346,2.910837249743047,12.190852101230554
breakout,5,0.05,0.08,2.0,20,,0.005,,11637,0.49617599037552634,37.20945817803225,0.0031975129481852924,0.03996891185231616,0.0667569570112067,-0.05939710243982181,1.106848441667224,5.2011095054046494,16.42347684111025
breakout,5,0.1,0.05,2.0,20,,0.0,,7725,0.4084142394822006,26.229684066258248,0.0033954283580916824,0.06790856716183365,0.07856495183549711,-0.04849950524611271,1.1183421761867334,2.0466090864637954,9.376699029126213
breakout,5,0.1,0.08,2.0,20,,0.0,,6988,0.477819118488838,53.71058189183551,0.007686116469924944,0.09607645587406181,0.08911904331000028,-0.0668286938120733,1.2202536029074138,2.1885676335158664,14.234831139095592
breakout,5,0.1,0.05,2.0,20,,0.005,,7145,0.4020993701889433,20.723071391071073,0.002900359886783915,0.0580071977356783,0.07911019629746327,-0.04835218224989253,1.1003244527709488,2.314045311929637,9.294891532540237
breakout,5,0.1,0.08,2.0,20,,0.005,,6502,0.47262380805905874,45.52627406832035,0.007001887737360865,0.08752359671701081,0.08925131030890493,-0.06670837051937722,1.1990280514313965,2.732508231490529,14.171331897877575
breakout,10,0.05,0.05,2.0,20,,0.0,,5881,0.45519469477979935,9.065492793827376,0.0015414883172636246,0.030829766345272482,0.05560838293942103,-0.04363238087859011,1.0648470162287376,3.1396780110838494,14.001870430198945
breakout,10,0.05,0.08,2.0,20,,0.0,,5659,0.5092772574659834,15.065228386121522,0.0026621714766074433,0.03327714345759304,0.05552786755138929,-0.05220240759704086,1.10392243325675,2.1223966481537566,17.66866937621488
breakout,10,0.05,0.05,2.0,20,,0.005,,5206,0.4565885516711487,8.450810232899292,0.0016232827954090073,0.03246565590818014,0.055527768559745554,-0.04366867996946478,1.0684061798577043,2.435216624551747,13.982328082981175
breakout,10,0.05,0.08,2.0,20,,0.005,,5028,0.5133253778838505,14.31422428252767,0.0028469022041622254,0.03558627755202782,0.05532722327853717,-0.05250729015095085,1.1114074523521873,2.6878145419749835,17.687947494033413
breakout,10,0.1,0.05,2.0,20,,0.0,,6869,0.4197117484349978,16.775214025349403,0.002442162472754317,0.048843249455086335,0.07114172540975379,-0.04724695944078544,1.0890752214101291,3.844129354687105,10.987479982530209
breakout,10,0.1,0.08,2.0,20,,0.0,,6452,0.4885306881587105,33.43166852586339,0.0051815977256452865,0.06476997157056608,0.07606272578892234,-0.06252061913964238,1.1620394804724092,4.013721834977705,15.582610043397397
breakout,10,0.1,0.05,2.0,20,,0.005,,6171,0.4190568789499271,15.995549250638613,0.0025920514099236126,0.051841028198472236,0.07169810281364587,-0.04725683253150617,1.0944159545855796,3.370252725007343,10.875708961270458
breakout,10,0.1,0.08,2.0,20,,0.005,,5820,0.4903780068728522,30.916564017338878,0.005312124401604618,0.0664015550200577,0.07620010373069926,-0.06289903305127337,1.1657204507395809,3.7921216313739823,15.552577319587629
breakout,20,0.05,0.05,2.0,20,,0.0,,820,0.4841463414634146,3.4635825860106744,0.004223881202452042,0.08447762404904086,0.05066445463182372,-0.03936218889556346,1.2080204056469572,0.8322630625087908,15.517073170731708
breakout,20,0.05,0.08,2.0,20,,0.0,,818,0.5207823960880196,3.482532308338085,0.004257374460071009,0.0532171807508876,0.04955885023196118,-0.04497331094509536,1.1975396252569488,0.6904766785454384,18.46332518337408
breakout,20,0.05,0.05,2.0,20,,0.005,,706,0.47592067988668557,2.670274395485987,0.0037822583505467237,0.07564516701093447,0.05161481783845311,-0.03965487675198449,1.1819942064320408,0.9398539336076555,15.478753541076488
breakout,20,0.05,0.08,2.0,20,,0.005,,705,0.526241134751773,3.0026580345699063,0.004259089410737456,0.053238617634218194,0.04889324279851302,-0.045319565999037206,1.1983689366237475,0.9524245141186978,18.554609929078016
breakout,20,0.1,0.05,2.0,20,,0.0,,3836,0.4436913451511992,8.587091556358178,0.0022385535861204845,0.044771071722409676,0.061167017808346325,-0.04476062453301184,1.08989914075704,2.2771742019127412,12.862356621480709
breakout,20,0.1,0.08,2.0,20,,0.0,,3776,0.5042372881355932,13.564630657595128,0.0035923280343207434,0.04490410042900928,0.06195183328033805,-0.055764775591970364,1.1299397927911836,2.786179659360566,16.96530720338983
breakout,20,0.1,0.05,2.0,20,,0.005,,3387,0.44346028934160026,7.407752210979469,0.002187113141712273,0.04374226283424545,0.06105133865189175,-0.04471690103138565,1.087882700524831,2.6076410730721635,12.807499261883672
breakout,20,0.1,0.08,2.0,20,,0.005,,3330,0.5072072072072072,12.526478351895008,0.003761705210779282,0.04702131513474102,0.06182864874376892,-0.05600372295937277,1.136302403034083,3.0946755396047654,16.966366366366366
breakout,40,0.05,0.05,2.0,20,,0.0,,16,0.5625,0.06339884575358845,0.003962427859599278,0.07924855719198556,0.03803333601184281,-0.03984302547899955,1.2273165216725848,0.16691063654846405,16.5
breakout,40,0.05,0.08,2.0,20,,0.0,,16,0.5625,0.12035724227131828,0.007522327641957392,0.0940290955244674,0.03803333601184281,-0.031706111690752437,1.542289509377472,0.10995224003073423,20.0
breakout,40,0.05,0.05,2.0,20,,0.005,,15,0.6,0.1795773192844261,0.011971821285628407,0.2394364257125682,0.04013420933742409,-0.030271760792065117,1.9886954848664171,0.10199999999999998,18.866666666666667
breakout,40,0.05,0.08,2.0,20,,0.005,,15,0.6,0.2302926936935722,0.015352846246238146,0.19191057807797682,0.04013420933742409,-0.021819198390540768,2.759098337555567,0.051284625590853894,20.0
breakout,40,0.1,0.05,2.0,20,,0.0,,1047,0.4871060171919771,4.6779100962544256,0.0044679179524875125,0.08935835904975026,0.0557788968391831,-0.04426317931420662,1.1968044799434525,0.9781203199232893,14.636103151862464
breakout,40,0.1,0.08,2.0,20,,0.0,,1047,0.5300859598853869,4.743771509178966,0.004530822835892041,0.05663528544865049,0.05482459461323873,-0.05220300508367587,1.1846984095086395,1.0337441233094098,18.074498567335244
breakout,40,0.1,0.05,2.0,20,,0.005,,882,0.48639455782312924,3.6363260823975363,0.0041228186875255516,0.082456373750511,0.05511718025796387,-0.044169854852690864,1.1817350299585212,1.0022240178190769,14.615646258503402
breakout,40,0.1,0.08,2.0,20,,0.005,,882,0.5351473922902494,3.7000415170590317,0.004195058409363982,0.05243823011704977,0.05341952731074526,-0.052473110667348125,1.1719831622377517,0.9908255004367013,18.102040816326532
bottom,5,0.05,0.05,2.0,20,,,0.01,17335,0.4383040092298817,61.51592193935477,0.003548654279743569,0.07097308559487135,0.06657085276417204,-0.04562898401590063,1.138459120418613,1.930923257470667,12.15702336313816
bottom,5,0.05,0.08,2.0,20,,,0.01,15035,0.49750581975390756,84.88320739563387,0.005645707176297564,0.07057133970371955,0.07003098785708219,-0.05810040791202395,1.193378475110504,2.3571414627371787,16.440305952776853
bottom,5,0.05,0.05,2.0,20,,,0.02,19286,0.44052680701026653,73.25052917473288,0.003798119318403654,0.07596238636807309,0.06638788351795658,-0.045484794179223936,1.1492530064178668,2.494308914741943,12.36415016073836
bottom,5,0.05,0.08,2.0,20,,,0.02,16526,0.49782161442575334,86.98711051616526,0.00526365185260591,0.06579564815757384,0.06894288027964245,-0.057863111886305954,1.1811454183363592,2.814175779378288,16.524204284158294
bottom,5,0.1,0.05,2.0,20,,,0.01,9086,0.42945190402817524,69.09350646936683,0.007604392083355363,0.15208784166710726,0.08251465290923274,-0.04878060748118427,1.273227894993049,1.3568010321936281,8.842504952674444
bottom,5,0.1,0.08,2.0,20,,,0.01,7899,0.4867704772756045,85.38267063572233,0.010809301257845592,0.1351162657230699,0.09331396993971995,-0.06744192002528392,1.3122885523836898,1.668089490031841,13.934801873654893
bottom,5,0.1,0.05,2.0,20,,,0.02,10459,0.43464958409025717,84.27773311190178,0.008057915012133262,0.16115830024266523,0.08181303369585101,-0.0486460879535662,1.2929928659030812,1.3117892802605553,9.043407591547949
bottom,5,0.1,0.08,2.0,20,,,0.02,8956,0.4925189816882537,105.13017689992944,0.011738519082171666,0.14673148852714582,0.09285706109136709,-0.0669884091472147,1.3452978255141552,2.0467034216319746,14.173514962036624
bottom,10,0.05,0.05,2.0,20,,,0.01,7574,0.44322682862424084,14.551840336928425,0.0019212886634444712,0.038425773268889414,0.05923997525765559,-0.043708028599246246,1.0789501758012698,3.4670223870878765,13.598230789543175
bottom,10,0.05,0.08,2.0,20,,,0.01,7155,0.48846960167714887,12.420859465399477,0.001735969177554085,0.021699614719426052,0.058651872525798975,-0.05261405328204042,1.0645013496939821,4.890599619183998,17.503703703703703
bottom,10,0.05,0.05,2.0,20,,,0.02,8688,0.43922651933701656,14.039331748758338,0.0016159451828681329,0.032318903657362646,0.05929560576209747,-0.043561719999878,1.0661506533129992,2.551169176705642,13.682895948434622
bottom,10,0.05,0.08,2.0,20,,,0.02,8160,0.4872549019607843,13.040930097038778,0.001598153198166517,0.019976914977081463,0.05872015229872855,-0.05268412892990104,1.0591612153616463,4.618980659151637,17.511151960784314
bottom,10,0.1,0.05,2.0,20,,,0.01,7897,0.41167531974167404,25.29083797627728,0.00320258806841551,0.06405176136831019,0.07576552309817705,-0.04757272441151448,1.1144263356313227,3.6739248181477944,10.154109155375458
bottom,10,0.1,0.08,2.0,20,,,0.01,7104,0.4798704954954955,39.86383119889895,0.005611462725070235,0.07014328406337793,0.08048208901949568,-0.06346403525536179,1.1699952983002602,3.420316044225764,15.092905405405405
bottom,10,0.1,0.05,2.0,20,,,0.02,9268,0.4115235217954251,27.257733044193238,0.0029410588092569313,0.05882117618513861,0.07495105468698858,-0.0474157663241623,1.1054027219346794,4.835071304414203,10.34775571860164
bottom,10,0.1,0.08,2.0,20,,,0.02,8255,0.47825560266505146,41.303777713498,0.005003486094911932,0.06254357618639915,0.07910766912061924,-0.0629239145518242,1.1524049842474624,3.6116029250489987,15.27510599636584
bottom,20,0.05,0.05,2.0,20,,,0.01,1160,0.453448275862069,1.7674019228872204,0.0015236223473165693,0.030472446946331375,0.052379631420442566,-0.04066921798780058,1.0685457043866602,1.2826024130554425,15.29051724137931
bottom,20,0.05,0.08,2.0,20,,,0.01,1158,0.48272884283246975,2.0285097038927926,0.0017517354955896309,0.021896693694870385,0.05187153659216755,-0.04502116736415503,1.0752200322839378,1.4536817997207518,18.47236614853195
bottom,20,0.05,0.05,2.0,20,,,0.02,1408,0.4616477272727273,2.5976290673695397,0.0018449070080749572,0.03689814016149914,0.05205919864361137,-0.04121484175590745,1.0831484758939276,1.2591937309176364,15.372159090909092
bottom,20,0.05,0.08,2.0,20,,,0.02,1405,0.4889679715302491,3.559922029591309,0.0025337523342286897,0.03167190417785862,0.051469045135819846,-0.0442887353464024,1.111949655765318,1.2400467613579953,18.611387900355872
bottom,20,0.1,0.05,2.0,20,,,0.01,4327,0.4247746706725214,8.867964910219527,0.0020494487890500407,0.040988975781000817,0.06759383132326373,-0.04635174650941712,1.0768657672613284,1.8970467620537783,11.837069563207764
bottom,20,0.1,0.08,2.0,20,,,0.01,4199,0.49249821386044296,16.789924478116482,0.003998553102671227,0.04998191378339034,0.06913949589510823,-0.05921658987938401,1.1330521506925333,2.01399251078067,16.462967373184092
bottom,20,0.1,0.05,2.0,20,,,0.02,5198,0.425163524432474,9.46490669280828,0.0018208747004248324,0.036417494008496636,0.06634486309877675,-0.04590269101589303,1.0690077070716335,2.0057423573851887,11.987495190457869
bottom,20,0.1,0.08,2.0,20,,,0.02,5016,0.4866427432216906,15.939908478804558,0.0031778126951364748,0.03972265868920593,0.06827040706159798,-0.058527438896526646,1.1057667281643426,2.458605692363954,16.52232854864434
bottom,40,0.05,0.05,2.0,20,,,0.01,21,0.6190476190476191,0.5030583557917608,0.023955159799607658,0.4791031959921532,0.05990118466067643,-0.0344571305996291,2.824942860292812,0.06358711557553709,16.61904761904762
bottom,40,0.05,0.08,2.0,20,,,0.01,21,0.6190476190476191,0.42936932537501227,0.02044615835119106,0.2555769793898883,0.06287358487944088,-0.048498409757214894,2.106658258292523,0.12358711557553703,19.0
bottom,40,0.05,0.05,2.0,20,,,0.02,25,0.56,0.45864309692949423,0.018345723877179768,0.36691447754359535,0.06285911827131464,-0.03830768716990098,2.0884193245253067,0.11649559909787721,16.24
bottom,40,0.05,0.08,2.0,20,,,0.02,25,0.56,0.381598742048207,0.01526394968192828,0.1907993710241035,0.06616320235903679,-0.049516917361664366,1.7005847007453767,0.19606104638354838,19.12
bottom,40,0.1,0.05,2.0,20,,,0.01,1089,0.4527089072543618,3.6730005367547305,0.0033728195929795504,0.06745639185959101,0.06013016400148642,-0.043575789120768586,1.141426069448053,1.1566440244499692,13.744719926538108
bottom,40,0.1,0.08,2.0,20,,,0.01,1089,0.5013774104683195,3.4119020709973285,0.003133059752981936,0.03916324691227419,0.059367765870919326,-0.053412335349032454,1.1176400392773664,1.6740096648918068,17.316804407713498
bottom,40,0.1,0.05,2.0,20,,,0.02,1375,0.44945454545454544,3.3846770038687986,0.0024615832755409445,0.049231665510818895,0.05870487481306892,-0.043454340331053894,1.1028935591142925,1.2172028871755174,13.85890909090909
bottom,40,0.1,0.08,2.0,20,,,0.02,1375,0.5018181818181818,3.745876579632412,0.0027242738760962994,0.03405342345120373,0.05793998957809414,-0.052894476247083995,1.1033838190858067,1.8207083650454563,17.443636363636365
