entry,base_len,tightness,undercut_depth,above_200dma,stop_pct,target_R,max_hold,signal_days,trades,win_rate,total_ret,avg_ret,expectancy_R,avg_win,avg_loss,profit_factor,max_dd,avg_hold,breakout_buffer,vol_mult,bottom_zone
undercut,10,0.08,0.01,False,0.05,2.0,20,10,2906,0.4208534067446662,12.414678273755477,0.004272084746646757,0.08544169493293513,0.0754328036458003,-0.04743888329474646,1.15549516734772,2.0261970196601453,10.488988300068824,,,
undercut,10,0.08,0.01,True,0.05,2.0,20,10,1243,0.4416733708769107,7.867116904964226,0.006329136689432201,0.12658273378864401,0.073862552994686,-0.047094271886337746,1.24070662667072,1.2800115754801729,10.872083668543846,,,
undercut,10,0.08,0.015,False,0.05,2.0,20,10,1773,0.4207557811618725,9.001696173593954,0.005077098800673409,0.10154197601346816,0.07785625127080956,-0.047788770471694234,1.183412128092414,1.4557630240767807,10.025380710659899,,,
undercut,10,0.08,0.015,True,0.05,2.0,20,10,734,0.4482288828337875,6.078614338874681,0.008281490924897385,0.1656298184979477,0.0772319847210179,-0.04773014477614866,1.314453776830316,0.8569152367867696,10.389645776566757,,,
undercut,10,0.08,0.02,False,0.05,2.0,20,10,1022,0.42563600782778865,7.056802801942422,0.006904895109532703,0.13809790219065404,0.08114545459965021,-0.04811153313271792,1.2498737783376581,1.9357034001500288,9.678082191780822,,,
undercut,10,0.08,0.02,True,0.05,2.0,20,10,412,0.4320388349514563,2.908973960961562,0.007060616410100878,0.14121232820201757,0.0796059548526422,-0.04812344445644765,1.258325495901121,1.0114330276644914,10.016990291262136,,,
undercut,10,0.1,0.01,False,0.05,2.0,20,10,2567,0.38955979742890534,5.5884645022992405,0.0021770410994543204,0.0435408219890864,0.08068806077316697,-0.04792571555256396,1.0744140418830332,2.912970978186639,9.279703934553954,,,
undercut,10,0.1,0.01,True,0.05,2.0,20,10,985,0.39695431472081216,3.363528829322508,0.003414750080530465,0.06829500161060931,0.08103860121882937,-0.04768108459131276,1.1187579203620417,1.2317672716707138,9.261928934010152,,,
undercut,10,0.1,0.015,False,0.05,2.0,20,10,1650,0.3981818181818182,5.971563573636369,0.0036191294385674966,0.07238258877134993,0.08195347096330818,-0.04820933217447846,1.1247405619764135,1.7817663755078756,8.944848484848485,,,
undercut,10,0.1,0.015,True,0.05,2.0,20,10,612,0.42483660130718953,4.661172438293039,0.007616294833812155,0.15232589667624305,0.08345221803894216,-0.04839887571543158,1.2736007181674989,0.8734675666668922,8.794117647058824,,,
undercut,10,0.1,0.02,False,0.05,2.0,20,10,1079,0.3994439295644115,4.968261290243502,0.004604505366305378,0.09209010732610753,0.08418506972198786,-0.04832639469125504,1.1586518080095571,1.390178183997195,8.592215013901761,,,
undercut,10,0.1,0.02,True,0.05,2.0,20,10,385,0.42597402597402595,2.9071640791391236,0.00755107553023149,0.15102151060462982,0.08331201161915655,-0.04866970962173101,1.2702828657830367,1.0915167433537765,8.477922077922077,,,
undercut,10,0.12,0.01,False,0.05,2.0,20,10,2075,0.38457831325301206,5.275498748966732,0.002542409035646618,0.05084818071293233,0.0852375860207577,-0.049133981907281056,1.0840796055428774,2.059727032360703,8.210602409638554,,,
undercut,10,0.12,0.01,True,0.05,2.0,20,10,712,0.4157303370786517,4.926477412296417,0.006919209848730922,0.13838419697461846,0.08617564103559186,-0.04947478926499706,1.2393642086301344,1.4673247790294313,7.980337078651686,,,
undercut,10,0.12,0.015,False,0.05,2.0,20,10,1417,0.3824982357092449,3.159093893384828,0.002229424060257465,0.04458848120514928,0.0854356985036766,-0.04931091965212331,1.0732169070559157,1.821713513142313,7.885673959068455,,,
undercut,10,0.12,0.015,True,0.05,2.0,20,10,470,0.4148936170212766,3.2554033891830154,0.006926390189751097,0.13852780379502194,0.08685063067481298,-0.049747162154201864,1.2379599155711878,1.0660932788487194,7.627659574468085,,,
undercut,10,0.12,0.02,False,0.05,2.0,20,10,947,0.3632523759239704,0.43732976444865834,0.00046180545348327174,0.00923610906966541,0.08794735930247649,-0.04944703455323923,1.01466734383595,2.1804179931829326,7.4730728616684265,,,
undercut,10,0.12,0.02,True,0.05,2.0,20,10,310,0.3870967741935484,0.936042466048382,0.003019491825962523,0.060389836519250444,0.08697230061432742,-0.0500033347772153,1.098524214773698,0.999390252891501,7.303225806451613,,,
undercut,20,0.08,0.01,False,0.05,2.0,20,10,956,0.4361924686192469,1.6666292520324455,0.0017433360376908425,0.03486672075381683,0.06248675721242876,-0.045251110399907875,1.0683315062781158,1.3251001663545732,12.594142259414227,,,
undercut,20,0.08,0.01,True,0.05,2.0,20,10,501,0.47305389221556887,3.509928816551101,0.007005845941219762,0.14011691882439523,0.06345370173118396,-0.043668933688407185,1.3044540772633495,0.9938939997118692,13.179640718562874,,,
undercut,20,0.08,0.015,False,0.05,2.0,20,10,506,0.4426877470355731,1.6274327243626434,0.0032162702062502836,0.06432540412500566,0.06501087615313449,-0.04586880685794142,1.1258161793379113,0.8575273138916747,12.110671936758893,,,
undercut,20,0.08,0.015,True,0.05,2.0,20,10,262,0.49236641221374045,2.7533153108130497,0.010508837064171946,0.2101767412834389,0.06710707543708715,-0.04438719865091123,1.4663871455620372,0.5028456667964578,13.061068702290076,,,
undercut,20,0.08,0.02,False,0.05,2.0,20,10,243,0.41975308641975306,0.05856919946493366,0.0002410255122013731,0.00482051024402742,0.06409273677981789,-0.04594957412820207,1.009040005293833,0.8618991490424489,12.477366255144032,,,
undercut,20,0.08,0.02,True,0.05,2.0,20,10,124,0.4596774193548387,0.5540892638429501,0.004468461805185082,0.08936923610370162,0.06355941768334578,-0.04580294841951879,1.1805558222329877,0.6089326925532091,13.080645161290322,,,
undercut,20,0.1,0.01,False,0.05,2.0,20,10,1133,0.4457193292144748,6.337077572818549,0.005593184088983715,0.11186368177967429,0.07127745939690802,-0.04722617742455414,1.2136714933349675,1.4976475920805505,11.372462488967344,,,
undercut,20,0.1,0.01,True,0.05,2.0,20,10,507,0.4477317554240631,2.6974592806437285,0.005320432506200648,0.10640865012401293,0.06934418829871516,-0.04658454093987361,1.2068021483262108,0.8974699914273621,11.70414201183432,,,
undercut,20,0.1,0.015,False,0.05,2.0,20,10,639,0.4460093896713615,4.176588417806393,0.006536132109243181,0.1307226421848636,0.07320216991484546,-0.04713567798848746,1.2503045011798997,1.298812265744608,11.045383411580595,,,
undercut,20,0.1,0.015,True,0.05,2.0,20,10,289,0.4532871972318339,2.0281531995643496,0.007017831140361071,0.14035662280722144,0.07145271639303362,-0.04640602941723452,1.2766108804538943,0.7836577728148458,11.380622837370241,,,
undercut,20,0.1,0.02,False,0.05,2.0,20,10,364,0.42857142857142855,2.1153445513926505,0.00581138613019959,0.11622772260399178,0.07595056341431419,-0.04679299683288637,1.217338627918394,1.0401557995136899,10.956043956043956,,,
undercut,20,0.1,0.02,True,0.05,2.0,20,10,154,0.4025974025974026,0.2561575041728743,0.001663360416706976,0.0332672083341395,0.07431893634042519,-0.047300179879711815,1.0588649071655118,0.742511572201874,10.512987012987013,,,
undercut,20,0.12,0.01,False,0.05,2.0,20,10,1118,0.41681574239713776,3.280723615077301,0.002934457616348212,0.058689152326964235,0.07375552818045633,-0.04768305600769226,1.1055256333589367,1.0149541776023643,10.753130590339893,,,
undercut,20,0.12,0.01,True,0.05,2.0,20,10,420,0.4023809523809524,0.8689903671539925,0.002069024683699982,0.04138049367399964,0.07453045121794895,-0.04671974457641188,1.074103851550116,1.3156256079202229,10.983333333333333,,,
undercut,20,0.12,0.015,False,0.05,2.0,20,10,707,0.39745403111739747,1.1316454345005686,0.0016006300346542697,0.03201260069308539,0.0764467828297848,-0.04776971957903511,1.0556093840477991,0.9212936435120839,10.135785007072135,,,
undercut,20,0.12,0.015,True,0.05,2.0,20,10,272,0.3786764705882353,-0.027895527641351725,-0.00010255708691673428,-0.002051141738334697,0.07697945647031586,-0.047081535763809974,0.9964941183192523,1.115550949323549,10.272058823529411,,,
undercut,20,0.12,0.02,False,0.05,2.0,20,10,434,0.391705069124424,0.29140852130170214,0.0006714482057642906,0.013428964115285777,0.0771703187416786,-0.04858918812418053,1.022717402760976,1.119294643959706,9.847926267281107,,,
undercut,20,0.12,0.02,True,0.05,2.0,20,10,162,0.36419753086419754,-0.24385316219608189,-0.0015052664333091474,-0.030105328666182953,0.0802785592314143,-0.04835231220242257,0.9510363347428595,0.9369200357161257,10.17283950617284,,,
undercut,40,0.08,0.01,False,0.05,2.0,20,10,100,0.39,0.14494641829199006,0.0014494641829199007,0.028989283658398052,0.06763753409526128,-0.0408674985479213,1.0581432893154856,0.7578647333228928,13.94,,,
undercut,40,0.08,0.01,True,0.05,2.0,20,10,61,0.3442622950819672,-0.20130786649484067,-0.0033001289589318144,-0.0660025791786363,0.06915439810309978,-0.041338755666498396,0.8782571806715125,0.8824751310696302,13.78688524590164,,,
undercut,40,0.08,0.015,False,0.05,2.0,20,10,45,0.4,-0.12531959631427347,-0.002784879918094966,-0.05569759836189931,0.05789274630840714,-0.04323663073576304,0.8926496710966171,0.5620434886823064,14.822222222222223,,,
undercut,40,0.08,0.015,True,0.05,2.0,20,10,26,0.38461538461538464,-0.1251571854453648,-0.004813737901744801,-0.096274758034896,0.058818480996646036,-0.044583874713239074,0.8245481322418018,0.4199081397994129,14.653846153846153,,,
undercut,40,0.08,0.02,False,0.05,2.0,20,10,22,0.45454545454545453,-0.018515128404042458,-0.0008415967456382935,-0.01683193491276587,0.04932361127327485,-0.042645936761399245,0.9638200615539038,0.2525652889662243,15.227272727272727,,,
undercut,40,0.08,0.02,True,0.05,2.0,20,10,14,0.42857142857142855,-0.11422498399743153,-0.008158927428387966,-0.16317854856775932,0.04378643848167019,-0.04711795186093158,0.6969706356969684,0.22394361488745274,15.285714285714286,,,
undercut,40,0.1,0.01,False,0.05,2.0,20,10,213,0.4413145539906103,0.12394270765158666,0.0005818906462515805,0.011637812925031594,0.05626209057737607,-0.043400788290939206,1.02399807467631,0.8514265484704507,13.732394366197184,,,
undercut,40,0.1,0.01,True,0.05,2.0,20,10,106,0.4811320754716981,0.4509853432379799,0.004254578709792263,0.08509157419584527,0.05655923539345688,-0.04424610294233312,1.185321033224207,0.4496760024991957,13.90566037735849,,,
undercut,40,0.1,0.015,False,0.05,2.0,20,10,102,0.46078431372549017,0.31675651578043174,0.003105456037063056,0.06210912074126112,0.05835363454707221,-0.04410662378058115,1.1305747047535664,0.6715459232391136,13.372549019607844,,,
undercut,40,0.1,0.015,True,0.05,2.0,20,10,52,0.4423076923076923,0.07521831670560275,0.0014465060904923605,0.028930121809847213,0.0579249406644898,-0.04334673512336768,1.0598369185460437,0.4543741129585258,14.26923076923077,,,
undercut,40,0.1,0.02,False,0.05,2.0,20,10,53,0.5471698113207547,0.43980109917650223,0.008298133946726457,0.16596267893452912,0.05326651312620278,-0.04603865756180744,1.3980360585974805,0.39759988963664916,14.264150943396226,,,
undercut,40,0.1,0.02,True,0.05,2.0,20,10,28,0.4642857142857143,-0.0767300467223212,-0.0027403588115114713,-0.054807176230229425,0.046396931743856645,-0.045326010626163836,0.8871434662462443,0.30466931431751265,14.428571428571429,,,
undercut,40,0.12,0.01,False,0.05,2.0,20,10,292,0.4246575342465753,-0.44001200090861237,-0.0015068904140705902,-0.030137808281411816,0.05722142216799065,-0.04485397827225864,0.9416078761814684,1.2823709230610618,12.582191780821917,,,
undercut,40,0.12,0.01,True,0.05,2.0,20,10,134,0.4253731343283582,-0.09779468514941547,-0.0007298110832045931,-0.014596221664091878,0.05795000082249322,-0.04416811340300688,0.971244847283655,0.782044036573947,12.492537313432836,,,
undercut,40,0.12,0.015,False,0.05,2.0,20,10,171,0.40350877192982454,-0.6793906657397456,-0.003973044828887401,-0.07946089657774803,0.057215509108777186,-0.045365301904366384,0.853176491244094,1.6834290360102218,12.023391812865498,,,
undercut,40,0.12,0.015,True,0.05,2.0,20,10,79,0.4430379746835443,0.20086373426374393,0.0025425789147309357,0.05085157829461872,0.06196720450074066,-0.04472700961959499,1.1020655060210098,0.8733340506990934,11.924050632911392,,,
undercut,40,0.12,0.02,False,0.05,2.0,20,10,91,0.42857142857142855,-0.10809393902811482,-0.0011878454838254375,-0.023756909676508762,0.05526973312788682,-0.043531029442609635,0.9522471757890525,0.7417163664020643,12.395604395604396,,,
undercut,40,0.12,0.02,True,0.05,2.0,20,10,46,0.43478260869565216,0.025921357740543605,0.0005635077769683393,0.011270155539366784,0.05857829930561549,-0.04406325493737563,1.0226260020765634,0.4633072562358279,11.891304347826088,,,
undercut,60,0.08,0.01,False,0.05,2.0,20,10,20,0.35,0.057217858336163996,0.0028608929168082,0.05721785833616402,0.07836680481598828,-0.03779613656736569,1.1164503602192701,0.20269492513655651,15.35,,,
undercut,60,0.08,0.01,True,0.05,2.0,20,10,12,0.16666666666666666,-0.2248755255836199,-0.018739627131968323,-0.37479254263936657,0.09900000000000009,-0.04228755255836201,0.4682228883469572,0.20875560900384937,13.333333333333334,,,
undercut,60,0.08,0.015,False,0.05,2.0,20,10,6,0.3333333333333333,0.01212337014403142,0.0020205616906719035,0.040411233813438065,0.07076246706353073,-0.03235039099575751,1.0936879723155533,0.12940156398303004,16.5,,,
undercut,60,0.08,0.015,True,0.05,2.0,20,10,3,0.0,-0.12438993607605331,-0.041463312025351105,-0.829266240507022,0.0,-0.041463312025351105,0.0,0.07338993607605315,13.666666666666666,,,
undercut,60,0.08,0.02,False,0.05,2.0,20,10,2,0.5,-0.008475065872938559,-0.004237532936469279,-0.08475065872938559,0.0425249341270616,-0.051000000000000156,0.833822237785519,0.051000000000000156,13.5,,,
undercut,60,0.08,0.02,True,0.05,2.0,20,10,1,0.0,-0.051000000000000156,-0.051000000000000156,-1.0200000000000031,0.0,-0.051000000000000156,0.0,0.0,7.0,,,
undercut,60,0.1,0.01,False,0.05,2.0,20,10,54,0.4074074074074074,0.17436115716941847,0.003228910317952194,0.06457820635904388,0.06279590433131199,-0.03772339806623266,1.144440491600933,0.3122601211958227,15.25925925925926,,,
undercut,60,0.1,0.01,True,0.05,2.0,20,10,31,0.41935483870967744,0.08208736703736541,0.002647979581850497,0.052959591637009945,0.06271138818227082,-0.04073114885178639,1.1119636791107508,0.25103155267744115,15.451612903225806,,,
undercut,60,0.1,0.015,False,0.05,2.0,20,10,29,0.41379310344827586,0.072558808820821,0.0025020278903731376,0.05004055780746273,0.0570560074607816,-0.03600666357109166,1.1185382038057232,0.35161292691828494,15.206896551724139,,,
undercut,60,0.1,0.015,True,0.05,2.0,20,10,18,0.4444444444444444,0.11362082055361244,0.006312267808534024,0.1262453561706805,0.06365390851983091,-0.03956104476050348,1.2872037916123185,0.19461044760503476,15.055555555555555,,,
undercut,60,0.1,0.02,False,0.05,2.0,20,10,16,0.5625,0.20298618320680484,0.012686636450425302,0.2537327290085061,0.04497769215648823,-0.028830435171655604,2.0058129889385037,0.14231269241131606,17.5625,,,
undercut,60,0.1,0.02,True,0.05,2.0,20,10,7,0.7142857142857143,0.16422631023127732,0.023460901461611044,0.4692180292322209,0.04587168160753243,-0.032566048903192424,3.521434373562866,0.051000000000000045,19.0,,,
undercut,60,0.12,0.01,False,0.05,2.0,20,10,109,0.42201834862385323,0.10769258656962721,0.0009880053813727267,0.019760107627454542,0.06055912684366836,-0.042508369019668535,1.0402134021005343,0.804761985321381,12.761467889908257,,,
undercut,60,0.12,0.01,True,0.05,2.0,20,10,62,0.4032258064516129,-0.31176855206699083,-0.005028525033338562,-0.10057050066677123,0.05236094590336032,-0.04380519458516214,0.8076443407525509,0.9041191269979398,12.82258064516129,,,
undercut,60,0.12,0.015,False,0.05,2.0,20,10,58,0.4482758620689655,0.1202997668177822,0.0020741339106514173,0.04148267821302835,0.05520861478955526,-0.04109763180345795,1.0914740715726443,0.5416464111917844,13.120689655172415,,,
undercut,60,0.12,0.015,True,0.05,2.0,20,10,34,0.4411764705882353,0.07316022014328849,0.0021517711806849555,0.04303542361369911,0.05812438528346929,-0.04203713468993425,1.0915984862117718,0.4105900476631479,13.352941176470589,,,
undercut,60,0.12,0.02,False,0.05,2.0,20,10,34,0.38235294117647056,-0.14352968133056943,-0.004221461215604983,-0.08442922431209966,0.05236843664527964,-0.03925330274853356,0.8258809768489493,0.5495050264238245,13.411764705882353,,,
undercut,60,0.12,0.02,True,0.05,2.0,20,10,20,0.4,-0.060918516610514395,-0.00304592583052572,-0.060918516610514395,0.053600508401888236,-0.04081021531880169,0.8756060704110673,0.336946229870985,13.55,,,
breakout,5,0.08,,False,0.05,2.0,20,10,11140,0.40816876122082585,20.835534374018856,0.001870335222084278,0.03740670444168555,0.07397928765511085,-0.04786110823506296,1.0660296229110637,3.4523632393431676,10.40278276481149,0.0,0.0,
breakout,5,0.08,,True,0.05,2.0,20,10,4886,0.41854277527629963,11.337708464477661,0.0023204479051325546,0.046408958102651075,0.07121415434695719,-0.047270410832470876,1.0844237569624255,2.4951450404376345,10.797584936553418,0.0,0.0,
breakout,5,0.08,,False,0.05,2.0,20,10,4299,0.4189346359618516,16.688674584310213,0.0038819899009793473,0.07763979801958694,0.07553538378788968,-0.04777844340179307,1.1398290528037927,1.9313687653260576,9.843451965573388,0.0,1.5,
breakout,5,0.08,,True,0.05,2.0,20,10,1834,0.40512540894220284,4.730617011715181,0.0025793985887214727,0.051587971774429454,0.07505613681408078,-0.04677918665549664,1.0926915985707968,2.3695004965279254,9.917666303162486,0.0,1.5,
breakout,5,0.08,,False,0.05,2.0,20,10,10257,0.4032368138832017,16.96060264960797,0.0016535636784252676,0.03307127356850534,0.07476435371415972,-0.04774787850223111,1.0580316367918134,3.617262550995715,10.311202105878913,0.005,0.0,
breakout,5,0.08,,True,0.05,2.0,20,10,4463,0.40869370378669057,8.578573070745097,0.0019221539481839788,0.03844307896367958,0.07297814329941017,-0.04718967802477418,1.068885632512,2.3508104599121125,10.641048622003137,0.005,0.0,
breakout,5,0.08,,False,0.05,2.0,20,10,3998,0.4192096048024012,16.394633067004598,0.00410070862106168,0.08201417242123361,0.07598487191028876,-0.047784673666942015,1.1477579514067215,1.6108425599288996,9.804152076038019,0.005,1.5,
breakout,5,0.08,,True,0.05,2.0,20,10,1694,0.4085005903187721,5.547365634365095,0.0032747140698731374,0.06549428139746273,0.07579197547572149,-0.04680706726031355,1.118278998713569,2.300883011131604,9.88547815820543,0.005,1.5,
breakout,5,0.1,,False,0.05,2.0,20,10,7725,0.4084142394822006,26.229684066258248,0.0033954283580916824,0.06790856716183365,0.07856495183549711,-0.04849950524611271,1.1183421761867334,2.0466090864637954,9.376699029126213,0.0,0.0,
breakout,5,0.1,,True,0.05,2.0,20,10,3249,0.40381655894121266,7.2977191558659475,0.0022461431689338096,0.04492286337867619,0.0769437192346779,-0.048349220691807665,1.0779234274991687,3.4578036777149133,9.435826408125576,0.0,0.0,
breakout,5,0.1,,False,0.05,2.0,20,10,2847,0.42992623814541625,19.55021874051808,0.006866954246757317,0.13733908493514632,0.0802098234443844,-0.04844522806864351,1.2486463545243542,0.9979233553676501,8.990165086055496,0.0,1.5,
breakout,5,0.1,,True,0.05,2.0,20,10,1125,0.4071111111111111,6.3478240475907,0.005642510264525067,0.11285020529050134,0.0837073335972833,-0.04796122149919798,1.198430675556374,2.668430984798323,8.372444444444444,0.0,1.5,
breakout,5,0.1,,False,0.05,2.0,20,10,7145,0.4020993701889433,20.723071391071073,0.002900359886783915,0.0580071977356783,0.07911019629746327,-0.04835218224989253,1.1003244527709488,2.314045311929637,9.294891532540237,0.005,0.0,
breakout,5,0.1,,True,0.05,2.0,20,10,2985,0.40067001675041874,6.474548859301677,0.0021690280935684012,0.043380561871368004,0.07761481068623645,-0.04826873377386088,1.0749778988569474,3.1478878275225006,9.310217755443887,0.005,0.0,
breakout,5,0.1,,False,0.05,2.0,20,10,2663,0.42621104018024786,17.407416878672937,0.00653676938741004,0.13073538774820082,0.08029535364913096,-0.04825118423631591,1.2361038120301426,0.9685973296475572,8.981224183251971,0.005,1.5,
breakout,5,0.1,,True,0.05,2.0,20,10,1045,0.4105263157894737,6.436170130153397,0.006159014478615691,0.12318028957231382,0.0837632230855426,-0.04788677365835125,1.2181881829815815,2.4811384192995614,8.367464114832536,0.005,1.5,
breakout,5,0.12,,False,0.05,2.0,20,10,5215,0.40882070949185045,22.76483296920642,0.004365260396779754,0.08730520793559507,0.08119905271834725,-0.04876793623947774,1.1514106995165043,2.2979020749561467,8.60594439117929,0.0,0.0,
breakout,5,0.12,,True,0.05,2.0,20,10,2075,0.40433734939759036,7.255544991190968,0.0034966481885257677,0.06993296377051532,0.08043769253880141,-0.04873113191655616,1.1204606131817254,2.4292542617677846,8.426506024096385,0.0,0.0,
breakout,5,0.12,,False,0.05,2.0,20,10,1924,0.4376299376299376,15.289186119338156,0.007946562432088439,0.15893124864176875,0.08065401083321275,-0.04863354066749257,1.290550226307558,1.0566225300490313,8.547297297297296,0.0,1.5,
breakout,5,0.12,,True,0.05,2.0,20,10,703,0.38975817923186346,2.361459187901807,0.0033591169102443912,0.06718233820488781,0.08485724014068274,-0.04869329746071157,1.1130456789460064,1.988951927356056,7.359886201991465,0.0,1.5,
breakout,5,0.12,,False,0.05,2.0,20,10,4845,0.40454076367389064,18.360610383816933,0.0037895996664224834,0.07579199332844967,0.08124167575817756,-0.04882948842364334,1.130334419837359,2.4213646020282393,8.525283797729617,0.005,0.0,
breakout,5,0.12,,True,0.05,2.0,20,10,1928,0.40093360995850624,5.716436485705352,0.002964956683457133,0.05929913366914264,0.08064171461446437,-0.04902130641668885,1.1009621330070143,2.6029760147574863,8.322095435684647,0.005,0.0,
breakout,5,0.12,,False,0.05,2.0,20,10,1805,0.4326869806094183,13.505322560168743,0.0074821731635283896,0.14964346327056777,0.08081098632659801,-0.04844536890713311,1.2722405022438144,0.9546225300490301,8.505263157894737,0.005,1.5,
breakout,5,0.12,,True,0.05,2.0,20,10,661,0.3888048411497731,2.1063258916898286,0.003186574722677502,0.06373149445355003,0.08470762320824146,-0.04867211206145601,1.1071183831748297,2.1684334122806015,7.308623298033283,0.005,1.5,
breakout,10,0.08,,False,0.05,2.0,20,10,8007,0.43162233046084675,17.40261790230661,0.0021734254904841525,0.04346850980968304,0.06598950961187561,-0.04628809653182499,1.0826111042337236,2.4485849260172436,12.00249781441239,0.0,0.0,
breakout,10,0.08,,True,0.05,2.0,20,10,4251,0.42836979534227243,3.1325809846247883,0.0007369044894436106,0.014738089788872205,0.062496225196048645,-0.04554446300303695,1.0283048232916014,2.8544426384067787,12.31521994824747,0.0,0.0,
breakout,10,0.08,,False,0.05,2.0,20,10,3348,0.44683393070489846,14.180199487739241,0.004235423980806225,0.0847084796161245,0.06612185662907562,-0.04575491254284982,1.1673414888640345,1.600982622435625,11.788231780167264,0.0,1.5,
breakout,10,0.08,,True,0.05,2.0,20,10,1723,0.4393499709808474,4.9383046776218,0.0028661083445280324,0.05732216689056065,0.06383590878814868,-0.04491250339027614,1.1138239077674668,1.028508945414984,12.013929193267556,0.0,1.5,
breakout,10,0.08,,False,0.05,2.0,20,10,7234,0.429361349184407,17.786773599856378,0.0024587743433586366,0.04917548686717273,0.06707066178298669,-0.04615666228151655,1.0933518851036852,1.9299177556306018,11.9625380149295,0.005,0.0,
breakout,10,0.08,,True,0.05,2.0,20,10,3815,0.4251638269986894,4.1511814513519525,0.0010881209571040505,0.021762419142081,0.06397166868710744,-0.045422191135037086,1.0416739824989985,2.628875061062833,12.244036697247706,0.005,0.0,
breakout,10,0.08,,False,0.05,2.0,20,10,3069,0.44314108830237864,12.780858132196897,0.004164502486867676,0.0832900497373535,0.06687370567073432,-0.04573866681100162,1.1635062845122441,1.4788721876433155,11.73150863473444,0.005,1.5,
breakout,10,0.08,,True,0.05,2.0,20,10,1582,0.43173198482932995,3.7570452923685593,0.002374870602002882,0.047497412040057634,0.06471281519317011,-0.04498532534434552,1.092900034050217,1.2897288401720526,11.950695322376738,0.005,1.5,
breakout,10,0.1,,False,0.05,2.0,20,10,6869,0.4197117484349978,16.775214025349403,0.002442162472754317,0.048843249455086335,0.07114172540975379,-0.04724695944078544,1.0890752214101291,3.844129354687105,10.987479982530209,0.0,0.0,
breakout,10,0.1,,True,0.05,2.0,20,10,3325,0.4105263157894737,0.7000130061437597,0.00021053022741165706,0.004210604548233129,0.06724637074590852,-0.04647514441939865,1.0076847419710528,4.316312444589742,11.332932330827068,0.0,0.0,
breakout,10,0.1,,False,0.05,2.0,20,10,2664,0.4433183183183183,14.88823564902626,0.005588677045430278,0.11177354090860553,0.07218528687197426,-0.04744611473147358,1.211593064455924,1.2836440569328893,10.656156156156156,0.0,1.5,
breakout,10,0.1,,True,0.05,2.0,20,10,1196,0.42725752508361203,4.238081168661975,0.003543546127643792,0.07087092255287583,0.07089576039978836,-0.04670022247537208,1.1324828765329424,0.9324799147033225,10.684782608695652,0.0,1.5,
breakout,10,0.1,,False,0.05,2.0,20,10,6171,0.4190568789499271,15.995549250638613,0.0025920514099236126,0.051841028198472236,0.07169810281364587,-0.04725683253150617,1.0944159545855796,3.370252725007343,10.875708961270458,0.005,0.0,
breakout,10,0.1,,True,0.05,2.0,20,10,2968,0.4107142857142857,1.34665988578588,0.00045372637661249325,0.00907452753224986,0.06801652803880948,-0.046635499024312674,1.016510167746374,3.130693493726357,11.204514824797844,0.005,0.0,
breakout,10,0.1,,False,0.05,2.0,20,10,2472,0.433252427184466,11.667072601535295,0.00471968956372787,0.0943937912745574,0.07254359732804198,-0.04712856540813538,1.1767012187925656,1.0951521285947603,10.578478964401295,0.005,1.5,
breakout,10,0.1,,True,0.05,2.0,20,10,1116,0.41397849462365593,2.668899098425586,0.0023914866473347543,0.04782973294669509,0.07159056538465385,-0.046492266222147534,1.0877755765249135,1.0383144697949145,10.551075268817204,0.005,1.5,
breakout,10,0.12,,False,0.05,2.0,20,10,5241,0.4119442854417096,12.80606037144544,0.0024434383460113416,0.04886876692022682,0.07454471139598835,-0.048064883689971916,1.0864480128557865,4.548464743756068,9.996183934363671,0.0,0.0,
breakout,10,0.12,,True,0.05,2.0,20,10,2382,0.3950461796809404,-0.9265674100457018,-0.0003889871578697321,-0.007779743157394654,0.07219604766856497,-0.04778837492447282,0.9865447807877399,3.6533345254008034,10.04450041981528,0.0,0.0,
breakout,10,0.12,,False,0.05,2.0,20,10,1995,0.46365914786967416,18.688510938366207,0.00936767465582266,0.18735349311645322,0.07500658421392285,-0.047376242485525626,1.368663641456488,1.561984367853988,10.005513784461153,0.0,1.5,
breakout,10,0.12,,True,0.05,2.0,20,10,800,0.41875,3.5491984707913233,0.004436498088489154,0.08872996176978307,0.07553503108231925,-0.04678502568125941,1.1631437574796417,1.209800027968266,9.51375,0.0,1.5,
breakout,10,0.12,,False,0.05,2.0,20,10,4749,0.41356074963150136,14.33212933682302,0.0030179257394868436,0.060358514789736854,0.07537812024659522,-0.04801095110502334,1.107187763582529,4.138257411037419,9.932406822488945,0.005,0.0,
breakout,10,0.12,,True,0.05,2.0,20,10,2144,0.39598880597014924,0.26427032016261,0.0001232604105236054,0.00246520821047209,0.07306646939276777,-0.04769819474463106,1.0042783536440294,3.4274856920690335,9.947294776119403,0.005,0.0,
breakout,10,0.12,,False,0.05,2.0,20,10,1856,0.4509698275862069,15.854103466626249,0.008542081609173625,0.17084163218347245,0.07606234126209958,-0.04691862234519245,1.3316059027041867,1.8834508255001206,9.94073275862069,0.005,1.5,
breakout,10,0.12,,True,0.05,2.0,20,10,733,0.4106412005457026,3.1170226368605674,0.004252418331324103,0.08504836662648205,0.07703874401100826,-0.046462128033455834,1.1552948709693722,1.4082995309140787,9.447476125511596,0.005,1.5,
breakout,20,0.08,,False,0.05,2.0,20,10,3264,0.4522058823529412,5.469438906403127,0.0016756859394617424,0.03351371878923485,0.05614663669334183,-0.043290266696291616,1.0706618493957356,1.8639180924551466,13.713235294117647,0.0,0.0,
breakout,20,0.08,,True,0.05,2.0,20,10,2010,0.46616915422885574,3.4393162665670274,0.0017111026201826007,0.03422205240365201,0.052735196160806075,-0.042845817834210875,1.0748107407135512,1.3485483200750874,14.14776119402985,0.0,0.0,
breakout,20,0.08,,False,0.05,2.0,20,10,1458,0.4547325102880658,2.822003962487619,0.0019355308384688744,0.03871061676937748,0.05542177159367645,-0.0426699756026665,1.0831894199309204,1.5864525476910694,13.777777777777779,0.0,1.5,
breakout,20,0.08,,True,0.05,2.0,20,10,907,0.46085997794928335,1.7454500239366686,0.0019244211950790171,0.03848842390158033,0.05259338283682176,-0.04138769734530639,1.0862436830450541,1.2531233785376379,14.158765159867695,0.0,1.5,
breakout,20,0.08,,False,0.05,2.0,20,10,2819,0.4512238382405108,4.374177730639039,0.0015516770949411277,0.031033541898822542,0.056386239904292396,-0.04353530667590231,1.0649478087882043,1.8623302908228698,13.69031571479248,0.005,0.0,
breakout,20,0.08,,True,0.05,2.0,20,10,1742,0.465556831228473,2.2421069332069106,0.0012870877917376066,0.025741755834752134,0.052482750497770944,-0.04330977843231506,1.0556058749529051,1.5460080507872314,14.12284730195178,0.005,0.0,
breakout,20,0.08,,False,0.05,2.0,20,10,1293,0.45011600928074247,1.972143978968603,0.0015252466968047973,0.03050493393609594,0.05553598942080079,-0.04268607857093876,1.0649804564725005,1.4696832109425209,13.765661252900232,0.005,1.5,
breakout,20,0.08,,True,0.05,2.0,20,10,801,0.45068664169787764,0.8611014433154454,0.001075033012878209,0.021500660257564193,0.05297680065510693,-0.04150800816631398,1.0471487026543491,1.6548478823038457,14.147315855181024,0.005,1.5,
breakout,20,0.1,,False,0.05,2.0,20,10,3836,0.4436913451511992,8.587091556358178,0.0022385535861204845,0.044771071722409676,0.061167017808346325,-0.04476062453301184,1.08989914075704,2.2771742019127412,12.862356621480709,0.0,0.0,
breakout,20,0.1,,True,0.05,2.0,20,10,2190,0.4589041095890411,6.421724558014196,0.0029322943187279436,0.058645886374558885,0.058306756456100874,-0.04403085711423391,1.1230767965326347,1.3897293957168384,13.36255707762557,0.0,0.0,
breakout,20,0.1,,False,0.05,2.0,20,10,1651,0.4482132041187159,4.642656142971983,0.0028120267371120433,0.056240534742240854,0.06041414591445727,-0.04397783955403556,1.1158815382380496,2.0885249769457825,12.894003634161114,0.0,1.5,
breakout,20,0.1,,True,0.05,2.0,20,10,963,0.4683281412253375,4.053566540403475,0.004209311049224792,0.08418622098449581,0.057893578719369516,-0.0430789794180316,1.1837815625202963,0.9751386243690957,13.277258566978194,0.0,1.5,
breakout,20,0.1,,False,0.05,2.0,20,10,3387,0.44346028934160026,7.407752210979469,0.002187113141712273,0.04374226283424545,0.06105133865189175,-0.04471690103138565,1.087882700524831,2.6076410730721635,12.807499261883672,0.005,0.0,
breakout,20,0.1,,True,0.05,2.0,20,10,1931,0.4619368203003625,5.924795932402791,0.0030682526837922273,0.06136505367584454,0.0578017886797787,-0.04392146253124139,1.12983179330145,1.460899074210424,13.383738995339202,0.005,0.0,
breakout,20,0.1,,False,0.05,2.0,20,10,1493,0.45612860013395845,5.904656757894011,0.003954894010645687,0.07909788021291375,0.060846467926811726,-0.0437583594830847,1.1661795565837545,1.7763838102224079,12.941728064300067,0.005,1.5,
breakout,20,0.1,,True,0.05,2.0,20,10,872,0.47706422018348627,4.50511768363898,0.005166419361971307,0.10332838723942617,0.05804055041781375,-0.043069630022306016,1.2293877156119337,0.9770639616494556,13.263761467889909,0.005,1.5,
breakout,20,0.12,,False,0.05,2.0,20,10,3658,0.4245489338436304,5.825340099616779,0.0015924931928968777,0.03184986385793754,0.06574542292940869,-0.04573743549157003,1.0605058512875476,1.82505053399743,11.923182066703117,0.0,0.0,
breakout,20,0.12,,True,0.05,2.0,20,10,1979,0.4406265790803436,4.330058081673713,0.0021880030731044535,0.04376006146208906,0.062231942204685996,-0.04510948104861109,1.086711813675694,1.9767435540126645,12.518948964123295,0.0,0.0,
breakout,20,0.12,,False,0.05,2.0,20,10,1526,0.4292267365661861,2.875108664024872,0.0018840816933321572,0.03768163386664314,0.06512912123472517,-0.04567676893768095,1.072267117584869,1.8160972760786123,11.690694626474443,0.0,1.5,
breakout,20,0.12,,True,0.05,2.0,20,10,825,0.4509090909090909,3.851638432621751,0.004668652645602123,0.09337305291204245,0.06505483675986712,-0.0449200018588274,1.1892812276147402,1.039957088206937,12.059393939393939,0.0,1.5,
breakout,20,0.12,,False,0.05,2.0,20,10,3232,0.4344059405940594,7.685473290318476,0.0023779310923015087,0.04755862184603015,0.06531291067373435,-0.045959438345516704,1.091478642971856,1.9907643461105087,11.941831683168317,0.005,0.0,
breakout,20,0.12,,True,0.05,2.0,20,10,1736,0.451036866359447,5.034302506133481,0.002899943839938641,0.05799887679877282,0.06159162379933231,-0.04532207652543937,1.1165565295514717,2.739130597808271,12.550691244239632,0.005,0.0,
breakout,20,0.12,,False,0.05,2.0,20,10,1406,0.42460881934566147,2.4288568324834374,0.0017274941909555031,0.03454988381911005,0.06581652926503806,-0.0455668864508582,1.065887653364775,1.761437360514423,11.66145092460882,0.005,1.5,
breakout,20,0.12,,True,0.05,2.0,20,10,770,0.43636363636363634,2.3715225892489826,0.0030798994665571203,0.06159798933114239,0.06515972876556281,-0.04498190386170534,1.1214785790313888,1.0879895133279103,11.931168831168831,0.005,1.5,
breakout,40,0.08,,False,0.05,2.0,20,10,549,0.5063752276867031,2.7967358905336126,0.005094236594778894,0.10188473189557787,0.051007221954126686,-0.04200469303584356,1.2456882288807363,0.5598027315432628,15.683060109289617,0.0,0.0,
breakout,40,0.08,,True,0.05,2.0,20,10,392,0.5,1.6897901923288192,0.004310689266144947,0.08621378532289892,0.05035587198768552,-0.04173449345539562,1.2065768101751164,0.6653363416740841,15.91326530612245,0.0,0.0,
breakout,40,0.08,,False,0.05,2.0,20,10,208,0.5144230769230769,1.265937416779547,0.006086237580670899,0.12172475161341798,0.05038186993209648,-0.04084081847479977,1.3068996728661157,0.44625760651270996,15.485576923076923,0.0,1.5,
breakout,40,0.08,,True,0.05,2.0,20,10,160,0.5,0.5355077959222808,0.003346923724514255,0.06693847449028512,0.04692532671520486,-0.040231479266176345,1.1663833289534598,0.3822964895416796,15.76875,0.0,1.5,
breakout,40,0.08,,False,0.05,2.0,20,10,454,0.4977973568281938,1.8940321988532483,0.004171877089985128,0.08343754179970256,0.04961785693107902,-0.04087545380513425,1.2032309856791554,0.5076319328265471,15.77092511013216,0.005,0.0,
breakout,40,0.08,,True,0.05,2.0,20,10,323,0.4953560371517028,1.129167691240761,0.0034958752050797555,0.06991750410159513,0.04851543710563693,-0.040695105801602134,1.1702270828951524,0.5663437947748141,15.987616099071207,0.005,0.0,
breakout,40,0.08,,False,0.05,2.0,20,10,185,0.518918918918919,0.9768826369049798,0.005280446685972864,0.10560893371945729,0.04789776887426583,-0.040688799719376854,1.2697599702898004,0.4045643306591843,15.551351351351352,0.005,1.5,
breakout,40,0.08,,True,0.05,2.0,20,10,145,0.503448275862069,0.5556538905926666,0.003832095797190804,0.0766419159438161,0.04700969149018269,-0.03994518872487041,1.1932001172976159,0.34060321368815394,15.710344827586207,0.005,1.5,
breakout,40,0.1,,False,0.05,2.0,20,10,1047,0.4871060171919771,4.6779100962544256,0.0044679179524875125,0.08935835904975026,0.0557788968391831,-0.04426317931420662,1.1968044799434525,0.9781203199232893,14.636103151862464,0.0,0.0,
breakout,40,0.1,,True,0.05,2.0,20,10,725,0.503448275862069,4.143492080009455,0.005715161489668214,0.11430322979336427,0.054134233950724794,-0.04337639808890305,1.2653447664939472,0.7391537713709426,14.913103448275862,0.0,0.0,
breakout,40,0.1,,False,0.05,2.0,20,10,387,0.5142118863049095,3.4127508690469233,0.008818477697795667,0.17636955395591336,0.05689947656658704,-0.04207577110480796,1.431434283385732,0.48297960130610607,14.883720930232558,0.0,1.5,
breakout,40,0.1,,True,0.05,2.0,20,10,268,0.5261194029850746,2.657299821262225,0.00991529784053069,0.19830595681061383,0.0560048026601113,-0.041254939793806844,1.5071785523003252,0.32560955356635557,15.115671641791044,0.0,1.5,
breakout,40,0.1,,False,0.05,2.0,20,10,882,0.48639455782312924,3.6363260823975363,0.0041228186875255516,0.082456373750511,0.05511718025796387,-0.044169854852690864,1.1817350299585212,1.0022240178190769,14.615646258503402,0.005,0.0,
breakout,40,0.1,,True,0.05,2.0,20,10,611,0.5090016366612111,3.636576205622448,0.005951843217058017,0.11903686434116034,0.0538189492793457,-0.04367039006751354,1.2775775683859916,0.5751922201621569,14.942716857610474,0.005,0.0,
breakout,40,0.1,,False,0.05,2.0,20,10,329,0.5015197568389058,2.5007040747865457,0.007600924239472783,0.15201848478945565,0.057230722435597174,-0.04233149467735969,1.3602092412324382,0.6444387669518111,14.811550151975684,0.005,1.5,
breakout,40,0.1,,True,0.05,2.0,20,10,227,0.4977973568281938,1.7696365083652106,0.007795755543459078,0.15591511086918153,0.05717723746988549,-0.041152555488875885,1.377209314997646,0.5391737758861614,15.0,0.005,1.5,
breakout,40,0.12,,False,0.05,2.0,20,10,1467,0.4669393319700068,5.4212088818698145,0.0036954389106133704,0.07390877821226742,0.05838735871579106,-0.044212444806198285,1.1567995664273292,1.147576191114462,13.966598500340831,0.0,0.0,
breakout,40,0.12,,True,0.05,2.0,20,10,971,0.48300720906282185,4.874299080835282,0.005019875469449312,0.10039750938898623,0.056938103031800746,-0.04348540087864396,1.2232877915111604,1.0891035447112465,14.428424304840371,0.0,0.0,
breakout,40,0.12,,False,0.05,2.0,20,10,587,0.4787052810902896,3.808499505748382,0.0064880741154146205,0.1297614823082924,0.060720265164967736,-0.0433133823712665,1.2873494549441546,0.5208620837692153,13.594548551959114,0.0,1.5,
breakout,40,0.12,,True,0.05,2.0,20,10,385,0.5064935064935064,3.486015755992716,0.00905458637920186,0.1810917275840372,0.059370601695792766,-0.04258553460361513,1.4308376428312477,0.461067263796727,13.994805194805195,0.0,1.5,
breakout,40,0.12,,False,0.05,2.0,20,10,1259,0.46783161239078636,4.936657440279824,0.003921094074884689,0.07842188149769379,0.05899413369591645,-0.04449386165166413,1.1655991446851162,0.782257792404512,13.890389197776013,0.005,0.0,
breakout,40,0.12,,True,0.05,2.0,20,10,829,0.4897466827503016,4.810734918073114,0.005803057802259486,0.11606115604518971,0.05750874048125897,-0.043824618717063904,1.2595092922731725,0.8370622450693403,14.41133896260555,0.005,0.0,
breakout,40,0.12,,False,0.05,2.0,20,10,516,0.4903100775193798,4.1187348509878525,0.00798204428486018,0.15964088569720356,0.06133620278393375,-0.04334343898611173,1.3613139417027817,0.6779481611690666,13.602713178294573,0.005,1.5,
breakout,40,0.12,,True,0.05,2.0,20,10,343,0.5189504373177842,3.7251511774595687,0.01086049905964889,0.2172099811929777,0.06028670554518272,-0.04245989339141186,1.5317176280840998,0.5242240337256292,14.029154518950437,0.005,1.5,
bottom,3,0.08,,False,0.05,2.0,20,10,13250,0.43818867924528304,112.21492362414457,0.008469050839558082,0.1693810167911616,0.08143592217773823,-0.04844197213054858,1.3111877111293224,1.5331829691867114,9.076528301886793,,,0.01
bottom,3,0.08,,True,0.05,2.0,20,10,5155,0.43491755577109603,37.328697856855854,0.007241260495995316,0.14482520991990633,0.07887199033583708,-0.04788956555993507,1.2675848115702892,1.3309386414315334,9.482638215324927,,,0.01
bottom,3,0.08,,False,0.05,2.0,20,10,14824,0.4373313545601727,120.86343561242839,0.008153226903158959,0.16306453806317914,0.08063454754304991,-0.04818251242167175,1.3007373523398154,1.753162440326662,9.293982730706961,,,0.02
bottom,3,0.08,,True,0.05,2.0,20,10,5864,0.43076398362892226,39.743664233083635,0.006777568934700483,0.13555137869400963,0.07847459213079717,-0.04747847677930199,1.2507753212660155,1.5600857876902872,9.725102319236017,,,0.02
bottom,3,0.08,,False,0.05,2.0,20,10,16227,0.4372958649164972,129.12759480525227,0.007957576557912878,0.15915153115825756,0.08004057721525407,-0.04806049075831679,1.2942473211952317,1.6181429201180038,9.415233869476799,,,0.03
bottom,3,0.08,,True,0.05,2.0,20,10,6529,0.431612804411089,42.89332019029895,0.00656966153933205,0.13139323078664097,0.07745787034617774,-0.04726029599709779,1.2445694870844253,1.2976089164317628,9.878848215653239,,,0.03
bottom,3,0.1,,False,0.05,2.0,20,10,8191,0.4329141740935173,70.73164489614135,0.008635288108428927,0.17270576216857855,0.08439118628092551,-0.04919687872034887,1.3095212635401696,1.435443081857109,7.9877914784519595,,,0.01
bottom,3,0.1,,True,0.05,2.0,20,10,2975,0.41747899159663865,18.32590740817729,0.006159968876698249,0.12319937753396497,0.0830839315856617,-0.04896961086048156,1.2159435677429158,1.8175193677770558,8.019495798319328,,,0.01
bottom,3,0.1,,False,0.05,2.0,20,10,9232,0.43609185441941073,82.79105869506024,0.008967835647211897,0.17935671294423797,0.08380757493761104,-0.0489086127552366,1.3251576137834917,1.327684533282664,8.229744367417677,,,0.02
bottom,3,0.1,,True,0.05,2.0,20,10,3389,0.41811743877249924,21.62947679358804,0.006382259307638844,0.12764518615277684,0.0827589245782899,-0.048498944895460826,1.2261553224243777,1.478698478686972,8.20123930362939,,,0.02
bottom,3,0.1,,False,0.05,2.0,20,10,10188,0.43531605810757756,89.86780785780365,0.008820946982509193,0.17641893965018382,0.08357516139402003,-0.048807236732952404,1.3200556908417524,1.277940323298747,8.339320769532783,,,0.03
bottom,3,0.1,,True,0.05,2.0,20,10,3776,0.4189618644067797,23.554562410211773,0.006237966739992525,0.12475933479985048,0.08185441760394079,-0.04828583693674682,1.2223405388205952,1.224156289679593,8.448622881355933,,,0.03
bottom,3,0.12,,False,0.05,2.0,20,10,5119,0.44442273881617506,54.389217682440304,0.01062496926791176,0.21249938535823515,0.08565294398666075,-0.049392134278204256,1.387191154559624,1.0133556466279572,7.406915413166634,,,0.01
bottom,3,0.12,,True,0.05,2.0,20,10,1764,0.42063492063492064,13.32465901002249,0.007553661570307534,0.15107323140615067,0.08600268354249249,-0.04940247766977196,1.2639103833442014,0.9068862385940603,7.022108843537415,,,0.01
bottom,3,0.12,,False,0.05,2.0,20,10,5739,0.447290468722774,63.66383309791222,0.011093192733561982,0.22186385467123965,0.08561988349479298,-0.0492189179802085,1.4077815220856793,0.8781394887854574,7.572573619097404,,,0.02
bottom,3,0.12,,True,0.05,2.0,20,10,1983,0.4200706001008573,15.480728197868585,0.007806721229384057,0.15613442458768112,0.08657232369735557,-0.04924697168872053,1.2733468134008836,0.9477952445168469,7.120020171457388,,,0.02
bottom,3,0.12,,False,0.05,2.0,20,10,6334,0.4488474897379223,70.97076396974127,0.011204730655153343,0.2240946131030668,0.08529213104167944,-0.04913055416263346,1.4137880732472607,1.1719739480416669,7.6717713924850015,,,0.03
bottom,3,0.12,,True,0.05,2.0,20,10,2195,0.426879271070615,18.82716187783016,0.008577294705161805,0.17154589410323606,0.08596009410203952,-0.04905997320809288,1.305054129874412,1.0889013809302561,7.292027334851936,,,0.03
bottom,5,0.08,,False,0.05,2.0,20,10,13309,0.42813133969494327,80.41415951905097,0.006042088775944922,0.12084177551889844,0.07798537478163721,-0.04781848718784888,1.2209504918890075,1.8407992966374067,9.945375309940642,,,0.01
bottom,5,0.08,,True,0.05,2.0,20,10,5367,0.4384199739146637,35.1673515942974,0.0065525156687716414,0.13105031337543283,0.0752198969451099,-0.04705542996600735,1.247962878541815,1.332795987032311,10.451835289733557,,,0.01
bottom,5,0.08,,False,0.05,2.0,20,10,15332,0.4314505609183407,94.35684091012823,0.006154242167370743,0.12308484334741485,0.07711547050348734,-0.04769553705064133,1.226949172149352,1.8346241922488282,10.169188625097835,,,0.02
bottom,5,0.08,,True,0.05,2.0,20,10,6260,0.4383386581469649,38.958655741215665,0.006223427434698988,0.12446854869397976,0.07423877398356225,-0.04685794654996562,1.236467709236767,1.4408367784223852,10.678274760383387,,,0.02
bottom,5,0.08,,False,0.05,2.0,20,10,16982,0.432045695442233,99.20094202612759,0.005841534685321375,0.11683069370642753,0.07610439511007168,-0.0476077765574358,1.2160407445675436,1.765556737528712,10.350253209280414,,,0.03
bottom,5,0.08,,True,0.05,2.0,20,10,7043,0.4402953286951583,41.20473079165458,0.0058504516245427495,0.11700903249085498,0.07274189014377179,-0.04677013458756513,1.2234919276880205,1.395580038590591,10.877466988499219,,,0.03
bottom,5,0.1,,False,0.05,2.0,20,10,9086,0.42945190402817524,69.09350646936683,0.007604392083355363,0.15208784166710726,0.08251465290923274,-0.04878060748118427,1.273227894993049,1.3568010321936281,8.842504952674444,,,0.01
bottom,5,0.1,,True,0.05,2.0,20,10,3321,0.4245709123757904,21.25511524001041,0.006400215368867935,0.12800430737735868,0.0805838450588573,-0.04833495881369879,1.230113142869815,1.6150932174673152,9.065040650406504,,,0.01
bottom,5,0.1,,False,0.05,2.0,20,10,10459,0.43464958409025717,84.27773311190178,0.008057915012133262,0.16115830024266523,0.08181303369585101,-0.0486460879535662,1.2929928659030812,1.3117892802605553,9.043407591547949,,,0.02
bottom,5,0.1,,True,0.05,2.0,20,10,3881,0.42257150219015716,24.034859148205136,0.0061929552043816375,0.12385910408763275,0.08028630542902035,-0.04802975535715673,1.2233003225003911,2.073900942066329,9.2035557845916,,,0.02
bottom,5,0.1,,False,0.05,2.0,20,10,11667,0.43678752035656127,95.48238974749935,0.008183971007756866,0.16367942015513734,0.0812338876542594,-0.04846834602626793,1.299801370003541,1.9085175159336654,9.262449644295877,,,0.03
bottom,5,0.1,,True,0.05,2.0,20,10,4376,0.42755941499085925,29.00027348183253,0.006627119168608896,0.1325423833721779,0.07937871086087989,-0.04771149482589771,1.2426449962218646,1.6386314169274279,9.494058500914077,,,0.03
bottom,5,0.12,,False,0.05,2.0,20,10,5985,0.4384294068504595,58.3157707301217,0.009743654257330276,0.1948730851466055,0.08538512223216027,-0.04931115442043047,1.351861976158628,1.3794299494241438,7.961069340016708,,,0.01
bottom,5,0.12,,True,0.05,2.0,20,10,1993,0.4249874560963372,16.142225038348748,0.008099460631384219,0.1619892126276844,0.08516154190448065,-0.0488565453357298,1.288307556458488,1.1200923562238874,7.87606623181134,,,0.01
bottom,5,0.12,,False,0.05,2.0,20,10,6845,0.4425127830533236,69.3841438461317,0.010136470978251528,0.20272941956503054,0.08491297290841297,-0.04921835720478279,1.369423700124376,2.116343950581177,8.132359386413441,,,0.02
bottom,5,0.12,,True,0.05,2.0,20,10,2303,0.4233608336951802,17.451478889086594,0.007577715540202603,0.15155431080405204,0.08440544282497661,-0.04882818363348314,1.2691309175230645,1.6235575667062108,7.974381241858445,,,0.02
bottom,5,0.12,,False,0.05,2.0,20,10,7657,0.44142614601018676,74.97647099146653,0.009791885985564389,0.19583771971128777,0.08437942832472733,-0.04915267634933642,1.3566469996668156,2.2509554848966795,8.317356667101999,,,0.03
bottom,5,0.12,,True,0.05,2.0,20,10,2585,0.42707930367504837,19.766356652426374,0.007646559633433801,0.152931192668676,0.08346175268141218,-0.04886928987701058,1.2731087034046438,1.351090348430727,8.215087040618956,,,0.03
bottom,10,0.08,,False,0.05,2.0,20,10,9533,0.4265184097346061,30.21070247626178,0.003169065611692204,0.06338131223384406,0.07011828741190244,-0.046623423109664074,1.1185243530715976,2.7181773007202175,11.369873072485053,,,0.01
bottom,10,0.08,,True,0.05,2.0,20,10,4365,0.4437571592210767,22.052407843688222,0.005052098016881609,0.10104196033763216,0.06889085759052647,-0.04587692887527247,1.1979762054856045,1.2692691455899752,11.859335624284078,,,0.01
bottom,10,0.08,,False,0.05,2.0,20,10,11306,0.4262338581284274,33.42532520819455,0.0029564235988143064,0.05912847197628613,0.06934216087824928,-0.04635957269370876,1.1111456113817406,2.6295880380595316,11.555545727932072,,,0.02
bottom,10,0.08,,True,0.05,2.0,20,10,5258,0.4391403575503994,22.199782235379683,0.004222096279075634,0.08444192558151267,0.06794160698558616,-0.045668832924496014,1.1648367444344987,1.4626677963868424,12.092050209205022,,,0.02
bottom,10,0.08,,False,0.05,2.0,20,10,12845,0.4247567146749708,30.40545029871149,0.0023671039547459314,0.047342079094918624,0.06825590296610685,-0.04628484995051665,1.0889051487468853,2.9026880639742716,11.76442195406773,,,0.03
bottom,10,0.08,,True,0.05,2.0,20,10,6083,0.4389281604471478,22.547886372451522,0.0037067049765660896,0.07413409953132179,0.06667289294171935,-0.04555193020273634,1.1450316423362057,1.8183711289502766,12.376787769192832,,,0.03
bottom,10,0.1,,False,0.05,2.0,20,10,7897,0.41167531974167404,25.29083797627728,0.00320258806841551,0.06405176136831019,0.07576552309817705,-0.04757272441151448,1.1144263356313227,3.6739248181477944,10.154109155375458,,,0.01
bottom,10,0.1,,True,0.05,2.0,20,10,3141,0.42311365807067813,14.585433246467481,0.004643563593272041,0.09287127186544084,0.07526853518316881,-0.04715587749004628,1.1706967725917847,2.043609863362729,10.46704871060172,,,0.01
bottom,10,0.1,,False,0.05,2.0,20,10,9268,0.4115235217954251,27.257733044193238,0.0029410588092569313,0.05882117618513861,0.07495105468698858,-0.0474157663241623,1.1054027219346794,4.835071304414203,10.34775571860164,,,0.02
bottom,10,0.1,,True,0.05,2.0,20,10,3741,0.4156642608928094,13.195460668587991,0.0035272549234397197,0.07054509846879436,0.07441294145345247,-0.04689691824864162,1.1287152765698545,2.025626111582296,10.59529537556803,,,0.02
bottom,10,0.1,,False,0.05,2.0,20,10,10521,0.41659538066723695,32.74636574765406,0.0031124765466832107,0.062249530933664206,0.07372982274828349,-0.04731369295504602,1.112758522591151,4.822753020411019,10.60631118714951,,,0.03
bottom,10,0.1,,True,0.05,2.0,20,10,4317,0.4236738475793375,17.155903937672235,0.0039740338053445064,0.07948067610689012,0.07288393485131675,-0.04668360647322592,1.1477062357206125,2.3425150726860595,10.961315728515173,,,0.03
bottom,10,0.12,,False,0.05,2.0,20,10,5942,0.4091215079097947,26.610783732817143,0.004478422035142569,0.08956844070285136,0.08080757288802387,-0.048371525479341745,1.1566884744342223,2.128085189606221,9.267923258162234,,,0.01
bottom,10,0.12,,True,0.05,2.0,20,10,2050,0.424390243902439,13.273676782184758,0.006474964283992564,0.12949928567985128,0.08065455863493416,-0.048216770534074534,1.2332980517851277,1.566494656217707,9.324878048780487,,,0.01
bottom,10,0.12,,False,0.05,2.0,20,10,6950,0.41035971223021583,30.385561763095097,0.0043720232752654815,0.08744046550530962,0.08001805067288366,-0.048273772268416074,1.1535974757715022,2.1430584229919774,9.468776978417266,,,0.02
bottom,10,0.12,,True,0.05,2.0,20,10,2440,0.4180327868852459,13.585407744230046,0.005567790059110675,0.11135580118221351,0.08016492063009363,-0.04801606429469398,1.1992497447012105,1.3571706428881836,9.50983606557377,,,0.02
bottom,10,0.12,,False,0.05,2.0,20,10,7893,0.4146712276700874,35.32024716682186,0.004474882448602795,0.08949764897205588,0.07894179980428595,-0.048280576535196115,1.1583468072043535,3.9436026486453057,9.647662485746864,,,0.03
bottom,10,0.12,,True,0.05,2.0,20,10,2779,0.4174163368118028,14.304033261704799,0.0051471872118405175,0.10294374423681035,0.07907383435939204,-0.047820639033471266,1.1847550369040414,1.5319184076169137,9.707808564231739,,,0.03
