entry,base_len,tightness,signal_days,undercut_depth,above_200dma,stop_pct,target_R,max_hold,trades,win_rate,total_ret,avg_ret,expectancy_R,avg_win,avg_loss,profit_factor,max_dd,avg_hold,breakout_buffer,vol_mult,bottom_zone
undercut,20,0.08,10,0.015,True,0.03,1.5,10,265,0.45660377358490567,0.6061808928317729,0.002287475067289709,0.07624916890965697,0.03845155503514187,-0.028100397683474956,1.1498053365995426,0.39420241723963756,4.766037735849056,,,
undercut,20,0.08,10,0.015,True,0.03,1.5,20,265,0.45660377358490567,0.7729955238747669,0.002916964241036856,0.0972321413678952,0.042135553301346274,-0.03003754462213981,1.1787104951113723,0.427866648479415,5.830188679245283,,,
undercut,20,0.08,10,0.015,True,0.03,1.5,40,265,0.4528301886792453,0.7842950159409574,0.002959603833739462,0.09865346112464873,0.04374673528109776,-0.030795263570970854,1.1756416577489248,0.38900000000000157,6.218867924528302,,,
undercut,20,0.08,10,0.015,True,0.03,2.0,10,265,0.43018867924528303,0.6904393289699033,0.002605431430075107,0.08684771433583692,0.043016960657568916,-0.027903935006575856,1.1638638380622788,0.5468868077642786,5.6,,,
undercut,20,0.08,10,0.015,True,0.03,2.0,20,263,0.41064638783269963,1.0935594062825578,0.004158020556207444,0.13860068520691485,0.052963132291913795,-0.029848121814478278,1.2363707177244987,0.5603850994282192,7.395437262357414,,,
undercut,20,0.08,10,0.015,True,0.03,2.0,40,263,0.39543726235741444,1.0603066161416455,0.0040315840917933285,0.134386136393111,0.05708353121319468,-0.030669060566230196,1.2174372134963942,0.7221539496698931,8.479087452471482,,,
undercut,20,0.08,10,0.015,True,0.03,2.5,10,265,0.4188679245283019,0.7666185911649144,0.002892900344018545,0.09643001146728486,0.04570371871313394,-0.027964247960993203,1.1780145422367856,0.5168868077642788,6.124528301886793,,,
undercut,20,0.08,10,0.015,True,0.03,2.5,20,263,0.38022813688212925,1.3724450645214943,0.005218422298560814,0.17394740995202718,0.061655348684767707,-0.02940545891997103,1.2863382746112844,0.49458810694701916,8.509505703422054,,,
undercut,20,0.08,10,0.015,True,0.03,2.5,40,263,0.3574144486692015,1.4081698941572147,0.00535425815268903,0.17847527175630104,0.06995992091216086,-0.030580252494591165,1.2724753904203514,0.6763029930883864,10.140684410646388,,,
undercut,20,0.08,10,0.015,True,0.03,3.0,10,265,0.41509433962264153,0.8565787020374882,0.0032323724605188234,0.10774574868396078,0.04699630052619839,-0.027825899069963446,1.1986032578066392,0.5094044142328601,6.373584905660377,,,
undercut,20,0.08,10,0.015,True,0.03,3.0,20,263,0.3726235741444867,1.6408762920508604,0.006239073353805553,0.20796911179351843,0.06628536832659324,-0.02942478669063804,1.3379703276990045,0.458537957567836,9.224334600760455,,,
undercut,20,0.08,10,0.015,True,0.03,3.0,40,263,0.34220532319391633,1.8051558321495125,0.006863710388401188,0.22879034628003958,0.07859956205759315,-0.030455518803663994,1.3426120186196067,0.6342329927567874,11.718631178707223,,,
undercut,20,0.08,10,0.015,True,0.04,1.5,10,265,0.4981132075471698,1.1180699284923934,0.0042191318056316734,0.10547829514079181,0.042219704979828805,-0.03349572277327074,1.250973560792682,0.5784725100492477,6.452830188679245,,,
undercut,20,0.08,10,0.015,True,0.04,1.5,20,263,0.5057034220532319,1.8913589706001956,0.007191478975666143,0.1797869743916536,0.051712873410835705,-0.038357332254161165,1.3792994534150569,0.5492427661401535,8.958174904942966,,,
undercut,20,0.08,10,0.015,True,0.04,1.5,40,263,0.49049429657794674,1.9089942538165805,0.0072585332844736904,0.1814633321118423,0.05670865542352577,-0.040346435043419726,1.353097510583505,0.7354323719436704,10.577946768060837,,,
undercut,20,0.08,10,0.015,True,0.04,2.0,10,265,0.4867924528301887,1.1176166643569,0.004217421374931698,0.10543553437329249,0.04368966051713908,-0.03322315839966207,1.247350642946191,0.5596895926017678,7.2,,,
undercut,20,0.08,10,0.015,True,0.04,2.0,20,263,0.46387832699619774,2.184300935422327,0.008305326750655236,0.20763316876638085,0.06156053320634774,-0.03777364621100778,1.4101138637600883,0.5824783107601976,10.695817490494296,,,
undercut,20,0.08,10,0.015,True,0.04,2.0,40,263,0.44106463878326996,2.4703114133459776,0.009392819062152006,0.23482047655380014,0.07211375601276589,-0.040101253633570505,1.4190602044546363,0.8179789610474031,13.4106463878327,,,
undercut,20,0.08,10,0.015,True,0.04,2.5,10,265,0.4867924528301887,1.3029786326448893,0.004916900500546753,0.12292251251366884,0.04512657499999171,-0.03322315839966207,1.2883749077912292,0.5711603358806291,7.433962264150943,,,
undercut,20,0.08,10,0.015,True,0.04,2.5,20,263,0.45627376425855515,2.699123935449773,0.010262828651900277,0.25657071629750694,0.06731731818122881,-0.03761506465942436,1.5017934363928773,0.5647917738540009,11.562737642585551,,,
undercut,20,0.08,10,0.015,True,0.04,2.5,40,263,0.41825095057034223,3.0362354483793013,0.011544621476727381,0.28861553691818453,0.08286307907948963,-0.03973008660368992,1.4994873615844315,0.6665814153621601,15.596958174904943,,,
undercut,20,0.08,10,0.015,True,0.04,3.0,10,265,0.4867924528301887,1.360751904330098,0.005134912846528672,0.12837282116321683,0.045574429819256884,-0.03322315839966207,1.3011612739507423,0.5711603358806291,7.6,,,
undercut,20,0.08,10,0.015,True,0.04,3.0,20,263,0.44866920152091255,2.5927678497239532,0.009858432888684232,0.24646082221710586,0.06794725844782018,-0.037413852738750544,1.4779287957634772,0.5603418057214329,12.346007604562738,,,
undercut,20,0.08,10,0.015,True,0.04,3.0,40,263,0.38783269961977185,2.934658639854086,0.011158397870167628,0.27895994675419067,0.09106309329433124,-0.03946445264700436,1.461876250464768,0.6309724372137661,17.562737642585553,,,
undercut,20,0.08,10,0.015,True,0.05,1.5,10,264,0.5227272727272727,1.369011725713046,0.005185650476185781,0.10371300952371561,0.04302029524422342,-0.036252293793569736,1.299709929754051,0.4712952886169267,7.765151515151516,,,
undercut,20,0.08,10,0.015,True,0.05,1.5,20,262,0.5038167938931297,2.020518708051415,0.007711903465845095,0.1542380693169019,0.0591677727127047,-0.04453559453865851,1.34898942657887,0.5522966590826113,11.736641221374045,,,
undercut,20,0.08,10,0.015,True,0.05,1.5,40,262,0.48091603053435117,1.9011231296953106,0.007256195151508819,0.14512390303017633,0.06847190081489124,-0.04945835568368373,1.2826387240061214,0.7104276108378693,14.683206106870228,,,
undercut,20,0.08,10,0.015,True,0.05,2.0,10,264,0.5189393939393939,1.4012303389081957,0.00530769067768256,0.10615381355365122,0.04361707683758658,-0.036018182581426514,1.3063261098818513,0.5057614236008569,8.170454545454545,,,
undercut,20,0.08,10,0.015,True,0.05,2.0,20,262,0.49236641221374045,2.7533153108130497,0.010508837064171946,0.2101767412834389,0.06710707543708715,-0.04438719865091123,1.4663871455620372,0.5028456667964578,13.061068702290076,,,
undercut,20,0.08,10,0.015,True,0.05,2.0,40,262,0.4618320610687023,3.1866577097310413,0.012162815685996342,0.24325631371992687,0.08335382685075804,-0.04893017971071405,1.461890992890098,0.5454276108378648,17.66412213740458,,,
undercut,20,0.08,10,0.015,True,0.05,2.5,10,264,0.5189393939393939,1.4087641974557714,0.005336228020665801,0.10672456041331602,0.043672068505817056,-0.036018182581426514,1.3079731036110027,0.5057614236008569,8.352272727272727,,,
undercut,20,0.08,10,0.015,True,0.05,2.5,20,262,0.48091603053435117,2.7387797027309357,0.010453357644011205,0.20906715288022412,0.06921647346874932,-0.04398894084067261,1.4577988390862169,0.529575859613443,14.007633587786259,,,
undercut,20,0.08,10,0.015,True,0.05,2.5,40,262,0.4198473282442748,2.965227752269705,0.011317663176601926,0.22635326353203852,0.09332684334055043,-0.04803108562625552,1.4061552443216077,0.8073192405251619,20.229007633587788,,,
undercut,20,0.08,10,0.015,True,0.05,3.0,10,264,0.5189393939393939,1.4195340335093691,0.005377022854202156,0.10754045708404313,0.043750680447814126,-0.036018182581426514,1.3103275216468946,0.5057614236008569,8.431818181818182,,,
undercut,20,0.08,10,0.015,True,0.05,3.0,20,262,0.4770992366412214,2.952940380860614,0.011270764812445091,0.22541529624890186,0.07189149068153672,-0.044040116454974264,1.4894244403596038,0.529575859613443,14.50381679389313,,,
undercut,20,0.08,10,0.015,True,0.05,3.0,40,262,0.41603053435114506,3.259911539908092,0.012442410457664473,0.24884820915328942,0.0973544638082471,-0.04805049029536497,1.443421310396152,0.9425757465780732,21.96564885496183,,,
undercut,20,0.08,10,0.015,True,0.06,1.5,10,264,0.5378787878787878,1.5563400199613464,0.005895227348338433,0.09825378913897387,0.04380227445847563,-0.038226089779854054,1.3337219549000894,0.387145479791263,8.462121212121213,,,
undercut,20,0.08,10,0.015,True,0.06,1.5,20,262,0.5305343511450382,2.636543936899356,0.010063144797325787,0.16771907995542973,0.06317843932938898,-0.04996145634053425,1.429037064373295,0.4524339390740377,13.67557251908397,,,
undercut,20,0.08,10,0.015,True,0.06,1.5,40,262,0.5114503816793893,2.8396229911784507,0.010838255691520804,0.18063759485868003,0.07604678176149902,-0.05742692003798763,1.3863093232913533,0.6322896145406235,18.576335877862597,,,
undercut,20,0.08,10,0.015,True,0.06,2.0,10,264,0.5378787878787878,1.5025282353036298,0.005691394830695568,0.09485658051159279,0.043423318228491714,-0.038226089779854054,1.3221832334495662,0.49773768094979565,8.772727272727273,,,
undercut,20,0.08,10,0.015,True,0.06,2.0,20,262,0.5152671755725191,2.856632923484055,0.010903179097267384,0.18171965162112308,0.06742785716796768,-0.04918210861568174,1.4573446169546043,0.6294203967232098,15.034351145038167,,,
undercut,20,0.08,10,0.015,True,0.06,2.0,40,262,0.46946564885496184,3.2538001436904667,0.012419084517902544,0.2069847419650424,0.0894012795706083,-0.05570185067262124,1.4202487681217286,0.9153373637631803,22.11832061068702,,,
undercut,20,0.08,10,0.015,True,0.06,2.5,10,264,0.5378787878787878,1.4630586582195948,0.005541888856892404,0.09236481428154007,0.04314536346029429,-0.038226089779854054,1.3137198743798104,0.46773768094979584,8.867424242424242,,,
undercut,20,0.08,10,0.015,True,0.06,2.5,20,262,0.5076335877862596,3.0726688112749168,0.011727743554484416,0.1954623925747403,0.07098343312380827,-0.04936533173791924,1.4825074041506394,0.6294203967232098,15.66030534351145,,,
undercut,20,0.08,10,0.015,True,0.06,2.5,40,262,0.4580152671755725,3.445864490272677,0.013152154543025485,0.21920257571709137,0.09438047174343225,-0.055491493795346424,1.4373039844529014,0.9153373637631803,24.301526717557252,,,
undercut,20,0.08,10,0.015,True,0.06,3.0,10,264,0.5378787878787878,1.433216992713154,0.0054288522451255835,0.09048087075209305,0.04293521088630527,-0.038226089779854054,1.3073210034245217,0.5079176564871012,8.897727272727273,,,
undercut,20,0.08,10,0.015,True,0.06,3.0,20,262,0.5076335877862596,3.2407638131760717,0.01236932753120638,0.20615545885343967,0.07224730531855378,-0.04936533173791924,1.5089037026128775,0.6294203967232098,15.893129770992367,,,
undercut,20,0.08,10,0.015,True,0.06,3.0,40,262,0.4580152671755725,3.5681719603015623,0.013618976947715886,0.2269829491285981,0.0953997006603396,-0.055491493795346424,1.4528256464692018,0.9153373637631803,25.65267175572519,,,
undercut,20,0.08,10,0.015,True,0.08,1.5,10,264,0.5606060606060606,1.9261695840031658,0.007296096909102901,0.09120121136378626,0.044217915200905865,-0.03981105056664571,1.417092992286812,0.5377139110143164,9.227272727272727,,,
undercut,20,0.08,10,0.015,True,0.08,1.5,20,262,0.5763358778625954,3.7939965879570097,0.014480903007469502,0.1810112875933688,0.06566702486510695,-0.05515066816823552,1.6197594802802486,0.7047953741575106,16.66412213740458,,,
undercut,20,0.08,10,0.015,True,0.08,1.5,40,262,0.5458015267175572,4.311719991067141,0.016456946530790616,0.20571183163488269,0.08674803436754011,-0.06801049515538736,1.5327551434322175,0.7318303402222942,25.67557251908397,,,
undercut,20,0.08,10,0.015,True,0.08,2.0,10,264,0.5606060606060606,1.91658286490889,0.007259783579200341,0.09074729474000426,0.04415314007189049,-0.03981105056664571,1.415017082986586,0.5377139110143163,9.344696969696969,,,
undercut,20,0.08,10,0.015,True,0.08,2.0,20,262,0.5687022900763359,4.086406619441232,0.015596971829928365,0.19496214787410457,0.06959819319540518,-0.055608178466142834,1.6503160404642794,0.7007398478879625,17.427480916030536,,,
undercut,20,0.08,10,0.015,True,0.08,2.0,40,262,0.5343511450381679,4.587171867882472,0.017508289572070505,0.2188536196508813,0.09184039762013148,-0.06779085081095028,1.5546437160632187,0.6918303402222944,28.64885496183206,,,
undercut,20,0.08,10,0.015,True,0.08,2.5,10,264,0.5606060606060606,1.8808379909321924,0.007124386329288608,0.08905482911610758,0.04391162065312901,-0.03981105056664571,1.4072768836969312,0.5377139110143164,9.352272727272727,,,
undercut,20,0.08,10,0.015,True,0.08,2.5,20,262,0.5687022900763359,4.288606675436735,0.0163687277688425,0.20460909711053124,0.07095524055107971,-0.055608178466142834,1.6824944191824092,0.7007398478879625,17.641221374045802,,,
undercut,20,0.08,10,0.015,True,0.08,2.5,40,262,0.5305343511450382,4.432644131890025,0.01691848905301536,0.21148111316269202,0.09197214338723712,-0.06789824226777183,1.5307612681299567,0.7032484810589845,30.103053435114504,,,
undercut,20,0.08,10,0.015,True,0.08,3.0,10,264,0.5606060606060606,1.8808379909321924,0.007124386329288608,0.08905482911610758,0.04391162065312901,-0.03981105056664571,1.4072768836969312,0.5377139110143164,9.352272727272727,,,
undercut,20,0.08,10,0.015,True,0.08,3.0,20,262,0.5687022900763359,4.275937832046187,0.01632037340475644,0.20400466755945548,0.07087021475651227,-0.055608178466142834,1.6804782830417209,0.7007398478879625,17.744274809160306,,,
undercut,20,0.08,10,0.015,True,0.08,3.0,40,261,0.524904214559387,4.454764044348941,0.017068061472601308,0.21335076840751632,0.09406750250572901,-0.06800390160432204,1.5282861076959404,0.8372427225850962,30.75095785440613,,,
undercut,10,0.08,10,0.015,True,0.03,1.5,10,748,0.4358288770053476,0.7347215674350415,0.0009822480848062053,0.03274160282687351,0.04104127633787184,-0.029963825873723166,1.0581049421281112,0.7728467972138159,3.6163101604278074,,,
undercut,10,0.08,10,0.015,True,0.03,1.5,20,748,0.4264705882352941,0.6515143722894841,0.0008710085191035883,0.029033617303452948,0.043606527964979595,-0.030906685427829848,1.0491376380050388,0.8946912598514868,3.945187165775401,,,
undercut,10,0.08,10,0.015,True,0.03,1.5,40,748,0.4264705882352941,0.7426521739130076,0.0009928504998837,0.033095016662789994,0.04399999999999993,-0.030986824769433492,1.0558664516740939,0.8810000000000051,4.00668449197861,,,
undercut,10,0.08,10,0.015,True,0.03,2.0,10,744,0.4018817204301075,1.856701947155336,0.002495567133273301,0.08318557110911007,0.050632308475845586,-0.029847996150837067,1.1397870699629782,0.8248598033617469,4.376344086021505,,,
undercut,10,0.08,10,0.015,True,0.03,2.0,20,744,0.3763440860215054,1.6961797204518478,0.0022798114522202258,0.07599371507400753,0.05710343482736827,-0.030803409550024283,1.1186738674631633,1.0170161843046919,5.084677419354839,,,
undercut,10,0.08,10,0.015,True,0.03,2.0,40,744,0.37231182795698925,1.8287698248446387,0.0024580239581245143,0.08193413193748385,0.058845190075565386,-0.030987896843869316,1.1263717690171182,1.0090000000000048,5.288978494623656,,,
undercut,10,0.08,10,0.015,True,0.03,2.5,10,743,0.38627187079407804,2.8551845936865843,0.0038427787263614864,0.12809262421204956,0.057189659679510264,-0.029732999417396624,1.2105865484709022,0.7473267711051985,4.8492597577388965,,,
undercut,10,0.08,10,0.015,True,0.03,2.5,20,741,0.3508771929824561,2.8392835358656723,0.003831691681330192,0.12772305604433976,0.06790332831030228,-0.03080162541541147,1.1916417167708178,0.9967063841871195,5.948717948717949,,,
undercut,10,0.08,10,0.015,True,0.03,2.5,40,740,0.33378378378378376,2.7836014205627637,0.003761623541301032,0.12538745137670113,0.07312125201072767,-0.030988535144192645,1.1822044933617075,0.9433474972992735,6.452702702702703,,,
undercut,10,0.08,10,0.015,True,0.03,3.0,10,743,0.3781965006729475,3.373569465940057,0.004540470344468448,0.1513490114822816,0.060917498933355574,-0.02974945397041745,1.2454531911203073,0.8190950361422242,5.199192462987887,,,
undercut,10,0.08,10,0.015,True,0.03,3.0,20,740,0.33378378378378376,3.7335109204480244,0.005045285027632465,0.16817616758774884,0.07645340299859904,-0.03073119598419054,1.2464285629260676,0.8395187086084088,6.806756756756757,,,
undercut,10,0.08,10,0.015,True,0.03,3.0,40,739,0.3044654939106901,3.582302036640495,0.004847499372991198,0.16158331243303992,0.08649125418433475,-0.030891498355709774,1.2256109151780812,0.8040000000000069,7.663058186738836,,,
undercut,10,0.08,10,0.015,True,0.04,1.5,10,742,0.4757412398921833,2.6944905660911047,0.0036313889030877423,0.09078472257719357,0.04877127924684547,-0.03733103086901117,1.185548344247978,1.11061836113229,5.3517520215633425,,,
undercut,10,0.08,10,0.015,True,0.04,1.5,20,742,0.45417789757412397,2.7064581098512743,0.003647517668263173,0.09118794170657933,0.056373837501766576,-0.040225987970973,1.1661267492482443,1.0372203117736771,6.578167115902965,,,
undercut,10,0.08,10,0.015,True,0.04,1.5,40,742,0.44878706199460916,2.7749023839507307,0.0037397606252705267,0.0934940156317632,0.05862111007950579,-0.04094358746338556,1.1657061050601574,0.9272879944561709,6.950134770889488,,,
undercut,10,0.08,10,0.015,True,0.04,2.0,10,741,0.4574898785425101,4.270816494630294,0.005763585012996348,0.1440896253249087,0.05657434146332785,-0.037084291695119016,1.286480370604783,0.8909407379654333,5.991902834008097,,,
undercut,10,0.08,10,0.015,True,0.04,2.0,20,739,0.4167794316644114,4.335967445468628,0.005867344310512352,0.14668360776280884,0.06983464361489289,-0.03984478605085472,1.2524859659326715,0.7840704006371491,7.939106901217862,,,
undercut,10,0.08,10,0.015,True,0.04,2.0,40,738,0.3956639566395664,4.310102563966704,0.0058402473766486504,0.14600618441621627,0.07700495974177651,-0.04075189614491489,1.2371400599307236,0.9088795451705751,8.924119241192411,,,
undercut,10,0.08,10,0.015,True,0.04,2.5,10,741,0.4507422402159244,5.124110327207362,0.006915128646703592,0.17287821616758986,0.06058980715163235,-0.03713239621974901,1.3390557288410094,0.8212272636632179,6.462887989203779,,,
undercut,10,0.08,10,0.015,True,0.04,2.5,20,736,0.40217391304347827,5.713128172629913,0.007762402408464556,0.19406006021161398,0.07835944589683788,-0.0397301541200775,1.3268142925214808,0.9008136354329679,9.13179347826087,,,
undercut,10,0.08,10,0.015,True,0.04,2.5,40,734,0.3583106267029973,5.403760158001013,0.007362071059946885,0.18405177649867221,0.09335197294936284,-0.04065352171482254,1.2822129798167954,0.7888795451705715,10.942779291553133,,,
undercut,10,0.08,10,0.015,True,0.04,3.0,10,741,0.4426450742240216,5.129152371719279,0.006921933025262185,0.17304832563155467,0.06220934280374828,-0.03698671202883815,1.3357761329974844,0.7323776262765769,6.728744939271255,,,
undercut,10,0.08,10,0.015,True,0.04,3.0,20,735,0.39319727891156464,6.30009544746301,0.008571558431922463,0.21428896079806173,0.0831005469362886,-0.03972188927606367,1.3556168853829755,0.8013677576123355,9.881632653061224,,,
undercut,10,0.08,10,0.015,True,0.04,3.0,40,731,0.332421340629275,6.374489775474476,0.008720232250991075,0.21800580627477703,0.10761224032876075,-0.04052312423035733,1.322346297236329,0.7105108617362079,12.580027359781122,,,
undercut,10,0.08,10,0.015,True,0.05,1.5,10,741,0.4925775978407557,3.785117578068939,0.005108120888082239,0.10216241776164475,0.054737008940026005,-0.0430688582048951,1.2337373798358116,1.1276344354147851,6.538461538461538,,,
undercut,10,0.08,10,0.015,True,0.05,1.5,20,738,0.4715447154471545,3.9991152156445526,0.005418855305751426,0.10837710611502847,0.06546377585873452,-0.04815968918767964,1.212919596275115,0.8840346631619225,8.806233062330623,,,
undercut,10,0.08,10,0.015,True,0.05,1.5,40,737,0.46132971506105835,4.52810573704953,0.006143969792468833,0.1228793958493766,0.07254186572499882,-0.050720726975944756,1.2248746928902932,0.7230000000000114,9.994572591587517,,,
undercut,10,0.08,10,0.015,True,0.05,2.0,10,741,0.48313090418353577,4.904078772308653,0.006618189976125038,0.13236379952250074,0.05993008228309835,-0.04321381379906151,1.2963030126675408,1.027004315678032,7.139001349527665,,,
undercut,10,0.08,10,0.015,True,0.05,2.0,20,734,0.4482288828337875,6.078614338874681,0.008281490924897385,0.1656298184979477,0.0772319847210179,-0.04773014477614866,1.314453776830316,0.8569152367867696,10.389645776566757,,,
undercut,10,0.08,10,0.015,True,0.05,2.0,40,731,0.4103967168262654,5.966405081964852,0.008161976856313067,0.1632395371262613,0.09198238647928013,-0.05018169573507932,1.2758608899272594,0.7230000000000025,12.807113543091655,,,
undercut,10,0.08,10,0.015,True,0.05,2.5,10,741,0.4750337381916329,4.949244801640983,0.006679142782241542,0.13358285564483088,0.061627165605550704,-0.04304246141777087,1.2955917001400514,1.055348757010635,7.470985155195682,,,
undercut,10,0.08,10,0.015,True,0.05,2.5,20,733,0.43519781718963163,6.7991471510091746,0.00927578056072193,0.18551561121443857,0.08324247806296545,-0.04771788249052367,1.3441699399484326,0.8504790674425262,11.386084583901773,,,
undercut,10,0.08,10,0.015,True,0.05,2.5,40,728,0.3804945054945055,7.5634247961743615,0.010389319774964783,0.20778639549929565,0.1084917515363458,-0.04986428022038453,1.3363197694752298,0.7766350328241066,14.968406593406593,,,
undercut,10,0.08,10,0.015,True,0.05,3.0,10,741,0.4750337381916329,5.730990274712996,0.007734129925388658,0.15468259850777316,0.06384803342677801,-0.04304246141777087,1.342281141200944,0.9519409878518701,7.634278002699055,,,
undercut,10,0.08,10,0.015,True,0.05,3.0,20,731,0.4322845417236662,7.55537347977611,0.01033566823498784,0.2067133646997567,0.08646263232627102,-0.04763088755500129,1.3822250678691068,0.801115045637558,12.064295485636116,,,
undercut,10,0.08,10,0.015,True,0.05,3.0,40,722,0.3670360110803324,8.758524083389533,0.012130919783087996,0.2426183956617599,0.11906911118031305,-0.04987919120217378,1.3842335874826592,0.8027217332352619,16.765927977839336,,,
undercut,10,0.08,10,0.015,True,0.06,1.5,10,736,0.501358695652174,3.9483064026545573,0.00536454674273717,0.08940911237895284,0.057161749115488214,-0.04671492921242668,1.230297428552378,0.7317437396422548,7.470108695652174,,,
undercut,10,0.08,10,0.015,True,0.06,1.5,20,728,0.4876373626373626,5.243521903344975,0.0072026399771222185,0.12004399961870361,0.07169853743265352,-0.05418085492023331,1.2594587976411762,0.7483213310490378,11.032967032967033,,,
undercut,10,0.08,10,0.015,True,0.06,1.5,40,725,0.4675862068965517,5.7052535732080125,0.007869315273390362,0.131155254556506,0.0835320222289594,-0.05858057503214826,1.2523097402750318,0.7538795451705598,13.827586206896552,,,
undercut,10,0.08,10,0.015,True,0.06,2.0,10,736,0.4904891304347826,4.476823846665212,0.006082641096012516,0.1013773516002086,0.06068739383872903,-0.04648353421097591,1.2568263607120833,0.8547519635638174,7.967391304347826,,,
undercut,10,0.08,10,0.015,True,0.06,2.0,20,726,0.4696969696969697,6.630698412741234,0.00913319340597966,0.15221989009966103,0.08044464589359344,-0.0540283787973354,1.318769388666105,0.6847455016141559,12.40771349862259,,,
undercut,10,0.08,10,0.015,True,0.06,2.0,40,720,0.425,7.617774834981403,0.01058024282636306,0.17633738043938432,0.10345507236691841,-0.058066370312308276,1.3168860427774671,0.740459749754875,16.801388888888887,,,
undercut,10,0.08,10,0.015,True,0.06,2.5,10,736,0.4904891304347826,5.332302429231868,0.007244976126673734,0.12074960211122887,0.06305714060484166,-0.04648353421097591,1.3059034427132856,0.8173988331662034,8.18070652173913,,,
undercut,10,0.08,10,0.015,True,0.06,2.5,20,724,0.4654696132596685,7.584450737241262,0.010475760686797323,0.17459601144662204,0.0845227788921712,-0.05400445930082799,1.362897141722139,0.7832594784468987,13.298342541436464,,,
undercut,10,0.08,10,0.015,True,0.06,2.5,40,715,0.4125874125874126,9.917746745788683,0.013870974469634522,0.2311829078272421,0.11634991205113325,-0.05810827930784673,1.4063738078177714,0.7240216255187906,19.12027972027972,,,
undercut,10,0.08,10,0.015,True,0.06,3.0,10,736,0.4891304347826087,5.251248862873675,0.007134848998469667,0.11891414997449445,0.06317659497774901,-0.046522141832755236,1.3002030184136226,0.88468135898799,8.279891304347826,,,
undercut,10,0.08,10,0.015,True,0.06,3.0,20,724,0.4599447513812155,7.270767729675707,0.010042496864192965,0.16737494773654943,0.08488003588124235,-0.053693821531401516,1.3463212964970959,0.8846195201433358,13.828729281767956,,,
undercut,10,0.08,10,0.015,True,0.06,3.0,40,711,0.3952180028129395,8.794414394488513,0.012369077910673014,0.20615129851121697,0.12028422330537934,-0.058152214777495534,1.3516998720868207,0.8583063954287358,21.0070323488045,,,
undercut,10,0.08,10,0.015,True,0.08,1.5,10,736,0.5176630434782609,4.374732263756915,0.00594392970619146,0.07429912132739326,0.059168436352434746,-0.05117870982118514,1.2407874195818527,0.9622698564228034,8.660326086956522,,,
undercut,10,0.08,10,0.015,True,0.08,1.5,20,726,0.5151515151515151,6.570185813271335,0.009049842718004594,0.11312303397505745,0.07740052389592239,-0.06357275603353307,1.2936053393066516,0.844007220562065,14.130853994490359,,,
undercut,10,0.08,10,0.015,True,0.08,1.5,40,718,0.4777158774373259,6.9869295667609785,0.009731099675154566,0.12163874593943214,0.10062186284447563,-0.07340365170371776,1.253826774902612,0.9828144675626693,20.108635097493035,,,
undercut,10,0.08,10,0.015,True,0.08,2.0,10,736,0.5163043478260869,4.9647937655577845,0.006745643703203512,0.08432054629004392,0.06109009408441713,-0.05126247749022675,1.2720518122814302,0.9202658103223911,8.922554347826088,,,
undercut,10,0.08,10,0.015,True,0.08,2.0,20,724,0.5082872928176796,7.053607265104535,0.009742551471138861,0.12178189338923577,0.08042596676346882,-0.06332345085351682,1.312893616608136,0.8925251975080477,15.328729281767956,,,
undercut,10,0.08,10,0.015,True,0.08,2.0,40,712,0.45786516853932585,8.621033680075385,0.012108193370892395,0.1513524171361549,0.11340236580171782,-0.07344077091006379,1.3041128772003738,1.0418151011037846,23.401685393258425,,,
undercut,10,0.08,10,0.015,True,0.08,2.5,10,736,0.5163043478260869,5.048876302040965,0.006859886279946963,0.08574857849933705,0.0613113639172676,-0.05126247749022675,1.2766592154308134,0.9589326434268735,9.013586956521738,,,
undercut,10,0.08,10,0.015,True,0.08,2.5,20,723,0.5062240663900415,6.972503254455974,0.009643849591225414,0.12054811989031768,0.08048147380879024,-0.06297959708560576,1.3101134707880975,0.964104888528694,15.863070539419088,,,
undercut,10,0.08,10,0.015,True,0.08,2.5,40,706,0.4405099150141643,7.9736629904027545,0.011294140213035063,0.14117675266293828,0.11873232991193247,-0.0732964344612867,1.275408875365692,1.4397472765502117,25.497167138810198,,,
undercut,10,0.08,10,0.015,True,0.08,3.0,10,736,0.5163043478260869,5.081324863989833,0.006903973999986186,0.08629967499982731,0.061396754869764626,-0.05126247749022675,1.27843727319131,0.9589326434268735,9.044836956521738,,,
undercut,10,0.08,10,0.015,True,0.08,3.0,20,723,0.5034578146611342,7.142421661584678,0.009878868134971892,0.12348585168714867,0.08139485407438046,-0.06263316217685184,1.3176484193222546,1.052679073880348,16.06362378976487,,,
undercut,10,0.08,10,0.015,True,0.08,3.0,40,705,0.44113475177304967,9.443010870018625,0.013394341659600887,0.16742927074501107,0.12319647100394493,-0.07327688226448793,1.327074950848953,1.4522768782724924,26.5177304964539,,,
breakout,40,0.12,10,,True,0.03,1.5,10,343,0.4606413994169096,0.45032646470572846,0.0013129051449146602,0.04376350483048867,0.035559899100213864,-0.027935878881773308,1.087135153929438,0.5096473516663715,5.137026239067056,0.005,1.5,
breakout,40,0.12,10,,True,0.03,1.5,20,343,0.446064139941691,0.4883156381342657,0.0014236607525780342,0.04745535841926782,0.04095620741868325,-0.0304104426153909,1.084513150251522,0.6139821062337532,6.49271137026239,0.005,1.5,
breakout,40,0.12,10,,True,0.03,1.5,40,343,0.4198250728862974,0.16699999999998538,0.0004868804664722606,0.01622934888240868,0.04399999999999993,-0.03100000000000002,1.0270708380612719,0.6320000000000016,7.020408163265306,0.005,1.5,
breakout,40,0.12,10,,True,0.03,2.0,10,343,0.44314868804664725,0.7401098052817715,0.002157754534349188,0.07192515114497296,0.03978956587470781,-0.02779007438572678,1.1394354111010088,0.40464735166637067,5.857142857142857,0.005,1.5,
breakout,40,0.12,10,,True,0.03,2.0,20,343,0.4110787172011662,1.0984321749260264,0.0032024261659650915,0.10674753886550307,0.05073303682196015,-0.029974881272130466,1.1814113288663497,0.47898210623375204,8.01457725947522,0.005,1.5,
breakout,40,0.12,10,,True,0.03,2.0,40,343,0.36151603498542273,0.4683811502510219,0.0013655427121021047,0.0455180904034035,0.05797454688136432,-0.03068704412346189,1.0696947775377235,0.5760000000000001,9.253644314868804,0.005,1.5,
breakout,40,0.12,10,,True,0.03,2.5,10,343,0.43731778425655976,1.143192191042055,0.003332921839772755,0.11109739465909185,0.04330727001487948,-0.027735224410310188,1.2135650865349508,0.3682190252730625,6.227405247813411,0.005,1.5,
breakout,40,0.12,10,,True,0.03,2.5,20,343,0.3935860058309038,1.665769225793728,0.0048564700460458545,0.16188233486819517,0.05788000733588708,-0.02955784502187995,1.2709434969738438,0.5162527120562439,9.169096209912537,0.005,1.5,
breakout,40,0.12,10,,True,0.03,2.5,40,343,0.33527696793002915,1.0929264191950903,0.0031863743999856857,0.10621247999952292,0.07036860071507169,-0.030699397644904182,1.15614433161655,0.7270000000000008,11.122448979591837,0.005,1.5,
breakout,40,0.12,10,,True,0.03,3.0,10,343,0.43731778425655976,1.2905863208037476,0.0037626423347048034,0.1254214111568268,0.044289897546624095,-0.027735224410310188,1.2411004741311573,0.4033614838218369,6.565597667638484,0.005,1.5,
breakout,40,0.12,10,,True,0.03,3.0,20,343,0.3819241982507289,1.7637785887795296,0.0051422116290948386,0.17140705430316128,0.061114964529240895,-0.02944472530448599,1.282553504520696,0.47125271205624353,10.122448979591837,0.005,1.5,
breakout,40,0.12,10,,True,0.03,3.0,40,343,0.30612244897959184,1.0671650802623671,0.003111268455575414,0.10370894851918047,0.07977740707905259,-0.03071202799595863,1.145997746955972,0.7910000000000004,12.965014577259476,0.005,1.5,
breakout,40,0.12,10,,True,0.04,1.5,10,343,0.4897959183673469,0.6014744454713297,0.0017535698118697658,0.04383924529674416,0.037502381014124016,-0.03256528894229431,1.1055417268784289,0.5116531852292635,6.763848396501458,0.005,1.5,
breakout,40,0.12,10,,True,0.04,1.5,20,343,0.4868804664723032,1.4779808885714933,0.0043089821824241785,0.10772455456060448,0.04923739947693186,-0.03832195922770527,1.219133333845681,0.550932076090441,9.769679300291545,0.005,1.5,
breakout,40,0.12,10,,True,0.04,1.5,40,343,0.43731778425655976,0.8708856515719132,0.0025390252232417297,0.06347563058104325,0.05651895048411745,-0.039414284565003635,1.1144854191513154,0.6785844225846942,11.98542274052478,0.005,1.5,
breakout,40,0.12,10,,True,0.04,2.0,10,343,0.4839650145772595,1.133871566577445,0.003305748007514417,0.08264370018786042,0.04149271828310243,-0.032508020725522925,1.1970607224152092,0.507798588870721,7.300291545189505,0.005,1.5,
breakout,40,0.12,10,,True,0.04,2.0,20,343,0.46355685131195334,2.082027987980852,0.006070052443092863,0.15175131107732157,0.05632196369623209,-0.03735415347673942,1.302921320568596,0.563109868324548,11.396501457725947,0.005,1.5,
breakout,40,0.12,10,,True,0.04,2.0,40,343,0.3877551020408163,1.1951828984673836,0.0034844982462605935,0.08711245615651485,0.07113787104608303,-0.03936263786029364,1.1445875440502424,0.931025614708164,15.122448979591837,0.005,1.5,
breakout,40,0.12,10,,True,0.04,2.5,10,343,0.4839650145772595,1.3547680099917256,0.003949760962075002,0.09874402405187509,0.04282341974945351,-0.032508020725522925,1.235451325020725,0.507798588870721,7.545189504373178,0.005,1.5,
breakout,40,0.12,10,,True,0.04,2.5,20,343,0.45481049562682213,2.515906649580893,0.00733500480927374,0.18337512023184355,0.06097481339295479,-0.037412642993155366,1.35961229087463,0.5339465962873023,12.25072886297376,0.005,1.5,
breakout,40,0.12,10,,True,0.04,2.5,40,342,0.36257309941520466,1.4311730048075597,0.004184716388326198,0.10461790970815502,0.08064760366296071,-0.03930793508898883,1.1670149746777199,0.933025614708164,17.25438596491228,0.005,1.5,
breakout,40,0.12,10,,True,0.04,3.0,10,343,0.4839650145772595,1.4107788215115395,0.004113057788663381,0.10282644471658454,0.0431608342766813,-0.032508020725522925,1.2451856999768527,0.5106030766467008,7.626822157434402,0.005,1.5,
breakout,40,0.12,10,,True,0.04,3.0,20,343,0.45481049562682213,2.7977291897927956,0.00815664486820057,0.20391612170501433,0.06278136813790287,-0.037412642993155366,1.3998947271576265,0.5369831639200684,12.801749271137027,0.005,1.5,
breakout,40,0.12,10,,True,0.04,3.0,40,342,0.3508771929824561,1.7691449859799202,0.005172938555496842,0.12932346388742114,0.08751895696149574,-0.0393384227450431,1.2025785733738463,1.0071606261726898,18.839181286549707,0.005,1.5,
breakout,40,0.12,10,,True,0.05,1.5,10,343,0.521865889212828,1.4154030891450837,0.004126539618498786,0.08253079236997576,0.03970246621214219,-0.03470328270017298,1.2486942435876691,0.49655824220599576,7.950437317784257,0.005,1.5,
breakout,40,0.12,10,,True,0.05,1.5,20,343,0.5306122448979592,3.0091620579910505,0.008773067224463704,0.17546134448927408,0.054180189382274764,-0.04255672304088793,1.4391890688388829,0.434646673287008,12.699708454810496,0.005,1.5,
breakout,40,0.12,10,,True,0.05,1.5,40,343,0.4606413994169096,1.8416250130787315,0.005369169134340325,0.10738338268680649,0.0664438693979515,-0.046791926225933006,1.2127446036814031,0.7985892059193049,17.169096209912535,0.005,1.5,
breakout,40,0.12,10,,True,0.05,2.0,10,343,0.521865889212828,1.7365900357775086,0.005062944710721599,0.10125889421443199,0.04149680669612222,-0.03470328270017298,1.3051285875251482,0.49655824220599576,8.352769679300291,0.005,1.5,
breakout,40,0.12,10,,True,0.05,2.0,20,343,0.5189504373177842,3.7251511774595687,0.01086049905964889,0.2172099811929777,0.06028670554518272,-0.04245989339141186,1.5317176280840998,0.5242240337256292,14.029154518950437,0.005,1.5,
breakout,40,0.12,10,,True,0.05,2.0,40,342,0.42105263157894735,2.092639728582382,0.006118829615737959,0.12237659231475921,0.07875469853162491,-0.04670725686854345,1.2262793455808967,0.8295892059193043,20.400584795321638,0.005,1.5,
breakout,40,0.12,10,,True,0.05,2.5,10,343,0.521865889212828,1.7526854401040852,0.005109870087767012,0.10219740175534024,0.04158672515604723,-0.03470328270017298,1.3079566401378164,0.49655824220599576,8.451895043731778,0.005,1.5,
breakout,40,0.12,10,,True,0.05,2.5,20,343,0.5189504373177842,4.203786220503057,0.012255936502924364,0.24511873005848725,0.06297566646115739,-0.04245989339141186,1.600036651307897,0.5242240337256301,14.67930029154519,0.005,1.5,
breakout,40,0.12,10,,True,0.05,2.5,40,342,0.4064327485380117,2.6151008682240757,0.0076464937667370635,0.15292987533474128,0.0868177438893742,-0.0465643622285662,1.276655142909165,0.8437242173838317,22.38888888888889,0.005,1.5,
breakout,40,0.12,10,,True,0.05,3.0,10,343,0.5189504373177842,1.613536465904542,0.0047041879472435625,0.09408375894487124,0.041061934067452725,-0.03451810786728511,1.2833008379795379,0.49655824220599576,8.536443148688047,0.005,1.5,
breakout,40,0.12,10,,True,0.05,3.0,20,343,0.5189504373177842,4.277154366370423,0.012469837802829222,0.24939675605658446,0.06338784705591786,-0.04245989339141186,1.6105090146131975,0.5242240337256292,14.994169096209912,0.005,1.5,
breakout,40,0.12,10,,True,0.05,3.0,40,342,0.39473684210526316,2.311730829874074,0.006759446870976825,0.1351889374195365,0.0883214630046869,-0.04643317234666019,1.2405130044411996,0.8919642198325239,24.014619883040936,0.005,1.5,
breakout,40,0.12,10,,True,0.06,1.5,10,343,0.5451895043731778,2.092348537895484,0.00610014150989937,0.10166902516498948,0.04032926015758496,-0.03493091738187759,1.3839718974713686,0.48047120789348663,8.760932944606415,0.005,1.5,
breakout,40,0.12,10,,True,0.06,1.5,20,343,0.5626822157434402,4.108347272167242,0.01197768884013773,0.19962814733562884,0.057514900016143754,-0.04661352287299002,1.5875758819833523,0.45933238731740067,14.938775510204081,0.005,1.5,
breakout,40,0.12,10,,True,0.06,1.5,40,343,0.46938775510204084,1.8757644926122667,0.005468701144642177,0.09114501907736962,0.07330831868330188,-0.05454326821647987,1.1889582096575286,0.958401526190475,21.632653061224488,0.005,1.5,
breakout,40,0.12,10,,True,0.06,2.0,10,343,0.5451895043731778,2.4040797899861737,0.007008978979551527,0.11681631632585876,0.04199627220085068,-0.03493091738187759,1.4411784470488016,0.4804712078934863,8.906705539358601,0.005,1.5,
breakout,40,0.12,10,,True,0.06,2.0,20,343,0.5626822157434402,4.915865176745955,0.014331968445323483,0.2388661407553914,0.06169893060981584,-0.04661352287299002,1.70306710352994,0.4593323873174011,15.848396501457726,0.005,1.5,
breakout,40,0.12,10,,True,0.06,2.0,40,342,0.4473684210526316,2.771928121742718,0.008105052987551807,0.13508421645919677,0.08483274578966885,-0.05400784118559056,1.2715584632984753,0.991396108312407,24.564327485380115,0.005,1.5,
breakout,40,0.12,10,,True,0.06,2.5,10,343,0.5422740524781341,2.2350154085933926,0.006516079908435547,0.10860133180725912,0.04133541911526866,-0.034734856986283945,1.409840954270728,0.48047120789348674,9.011661807580175,0.005,1.5,
breakout,40,0.12,10,,True,0.06,2.5,20,343,0.5626822157434402,5.100167699143293,0.014869293583508143,0.24782155972513573,0.06265386595902485,-0.04661352287299002,1.7294260527558283,0.459332387317402,16.276967930029155,0.005,1.5,
breakout,40,0.12,10,,True,0.06,2.5,40,342,0.4327485380116959,2.509157082966081,0.007336716616859886,0.12227861028099812,0.0872045194785794,-0.053593359793111695,1.24133212485019,0.9864577826665557,26.616959064327485,0.005,1.5,
breakout,40,0.12,10,,True,0.06,3.0,10,343,0.5422740524781341,2.3804707696651337,0.006940148016516425,0.11566913360860706,0.042117437185546835,-0.034734856986283945,1.4365135059481022,0.48047120789348674,9.043731778425656,0.005,1.5,
breakout,40,0.12,10,,True,0.06,3.0,20,343,0.5626822157434402,5.45468489894418,0.015902871425493237,0.2650478570915539,0.064490742641931,-0.04661352287299002,1.780129107427589,0.46349202408781665,16.416909620991255,0.005,1.5,
breakout,40,0.12,10,,True,0.06,3.0,40,342,0.4298245614035088,3.158877455177332,0.009236483787068223,0.15394139645113705,0.09263257996626532,-0.053631342563403434,1.3020504576379182,1.175219417632157,27.330409356725145,0.005,1.5,
breakout,40,0.12,10,,True,0.08,1.5,10,343,0.5481049562682215,2.3178710660319224,0.006757641591929803,0.08447051989912255,0.04178857217491412,-0.03573148711517376,1.4185106214421992,0.5590558871147483,9.43731778425656,0.005,1.5,
breakout,40,0.12,10,,True,0.08,1.5,20,343,0.577259475218659,4.642010817418656,0.013533559234456724,0.16916949043070906,0.0605398957467523,-0.0506544037271607,1.6320056174932296,0.4926076061838316,17.221574344023324,0.005,1.5,
breakout,40,0.12,10,,True,0.08,1.5,40,341,0.4750733137829912,1.9236802672292854,0.005641291106244239,0.07051613882805301,0.0820244444518725,-0.0634875962791847,1.1692742797837288,1.2800754702460413,27.809384164222873,0.005,1.5,
breakout,40,0.12,10,,True,0.08,2.0,10,343,0.5451895043731778,2.208806684639142,0.006439669634516448,0.0804958704314556,0.041450997982699196,-0.03552903806490774,1.3985195766729814,0.5590558871147484,9.565597667638484,0.005,1.5,
breakout,40,0.12,10,,True,0.08,2.0,20,343,0.577259475218659,5.046313339815993,0.014712283789550999,0.1839035473693875,0.06258182767805198,-0.0506544037271607,1.6870510440060207,0.4926076061838325,17.690962099125365,0.005,1.5,
breakout,40,0.12,10,,True,0.08,2.0,40,341,0.4604105571847507,1.9814412603723222,0.005810678182910036,0.07263347728637544,0.08602806653970455,-0.0626356803606592,1.1719260083073544,1.277441664846672,30.10557184750733,0.005,1.5,
breakout,40,0.12,10,,True,0.08,2.5,10,343,0.5451895043731778,2.287935330880352,0.00667036539615263,0.08337956745190786,0.041874145823561276,-0.03552903806490774,1.4127962061408537,0.5590558871147484,9.58600583090379,0.005,1.5,
breakout,40,0.12,10,,True,0.08,2.5,20,343,0.577259475218659,5.261148114702431,0.01533862424111496,0.191732803013937,0.06366685179364007,-0.0506544037271607,1.7163006062973525,0.5167672429542467,17.897959183673468,0.005,1.5,
breakout,40,0.12,10,,True,0.08,2.5,40,341,0.4574780058651026,2.9097337723423995,0.00853294361390733,0.1066617951738416,0.09304935229938263,-0.06273494695330428,1.2507101930446733,1.463898779565791,30.994134897360702,0.005,1.5,
breakout,40,0.12,10,,True,0.08,3.0,10,343,0.5451895043731778,2.173794576722628,0.006337593518141772,0.07921991897677215,0.041263767459081474,-0.03552903806490774,1.3922025863621712,0.5590558871147484,9.591836734693878,0.005,1.5,
breakout,40,0.12,10,,True,0.08,3.0,20,343,0.577259475218659,5.374804662143208,0.0156699844377353,0.19587480547169125,0.06424087476051268,-0.0506544037271607,1.7317748434916986,0.5167672429542467,18.034985422740526,0.005,1.5,
breakout,40,0.12,10,,True,0.08,3.0,40,341,0.4574780058651026,2.6395126159342546,0.007740506205085791,0.09675632756357237,0.09131716539933042,-0.06273494695330428,1.22742723879924,1.4732865575302787,31.7683284457478,0.005,1.5,
breakout,40,0.1,10,,True,0.03,1.5,10,268,0.48507462686567165,0.5886159808750061,0.002196328286847038,0.07321094289490124,0.0339130950473015,-0.027681785328073836,1.1540844690541212,0.28659497225580377,5.7164179104477615,0.0,1.5,
breakout,40,0.1,10,,True,0.03,1.5,20,268,0.4626865671641791,0.7004964907352514,0.002613792875877804,0.08712642919592678,0.04089194109264392,-0.030347945866337475,1.1602928575418048,0.290603654640713,7.332089552238806,0.0,1.5,
breakout,40,0.1,10,,True,0.03,1.5,40,268,0.43656716417910446,0.46699999999998754,0.0017425373134327892,0.058084577114426286,0.043999999999999914,-0.03100000000000003,1.0997650074770315,0.35600000000000087,7.802238805970149,0.0,1.5,
breakout,40,0.1,10,,True,0.03,2.0,10,268,0.4701492537313433,0.9889728932327144,0.003690197362808636,0.1230065787602879,0.03896646375863529,-0.027611278453206562,1.2522374272335874,0.3102475826330593,6.231343283582089,0.0,1.5,
breakout,40,0.1,10,,True,0.03,2.0,20,268,0.4216417910447761,0.9931603457970956,0.003705822185810058,0.12352740619366864,0.049719336892814686,-0.029839514342522352,1.214731581364441,0.335806922073961,8.574626865671641,0.0,1.5,
breakout,40,0.1,10,,True,0.03,2.0,40,268,0.3843283582089552,0.8419131633742174,0.0031414670275157364,0.1047155675838579,0.05759299243338823,-0.03084948519554406,1.1653999730662221,0.3870000000000001,9.798507462686567,0.0,1.5,
breakout,40,0.1,10,,True,0.03,2.5,10,268,0.4626865671641791,1.098232449850146,0.004097882275560246,0.13659607585200823,0.040838936239689747,-0.027540247526884602,1.2769261324766747,0.2995696759767882,6.686567164179104,0.0,1.5,
breakout,40,0.1,10,,True,0.03,2.5,20,268,0.41044776119402987,1.5136669218502734,0.005648010902426393,0.1882670300808798,0.056652651317647615,-0.02986154888032256,1.3208196075110603,0.3029806603116336,9.884328358208956,0.0,1.5,
breakout,40,0.1,10,,True,0.03,2.5,40,268,0.35074626865671643,1.2697482944978833,0.00473786677051449,0.15792889235048305,0.07038861619625685,-0.030728630045691162,1.2374789888295197,0.3410000000000002,11.727611940298507,0.0,1.5,
breakout,40,0.1,10,,True,0.03,3.0,10,268,0.4626865671641791,1.0800504199375482,0.004030038880363986,0.13433462934546622,0.04069230696620107,-0.027540247526884602,1.2723414207201085,0.2995696759767882,6.9440298507462686,0.0,1.5,
breakout,40,0.1,10,,True,0.03,3.0,20,268,0.40671641791044777,1.8848733158388533,0.007033109387458408,0.2344369795819469,0.06086236732963136,-0.02986870895025763,1.396888569102916,0.3479806603116331,10.779850746268657,0.0,1.5,
breakout,40,0.1,10,,True,0.03,3.0,40,268,0.332089552238806,1.6359632882848245,0.0061043406279284495,0.20347802093094827,0.0801993810812931,-0.030736210212012637,1.2973515488098928,0.3920000000000008,13.511194029850746,0.0,1.5,
breakout,40,0.1,10,,True,0.04,1.5,10,268,0.5186567164179104,1.082186745948555,0.004038010246076698,0.10095025615191745,0.03694081779709581,-0.031415402541455514,1.2670360353067815,0.3509543607799085,7.291044776119403,0.0,1.5,
breakout,40,0.1,10,,True,0.04,1.5,20,268,0.4962686567164179,1.3355608857356636,0.004983436140804715,0.12458590352011788,0.04798325554694721,-0.037379348903765285,1.2646660225011417,0.4133195825542273,10.671641791044776,0.0,1.5,
breakout,40,0.1,10,,True,0.04,1.5,40,268,0.4664179104477612,1.3348423581039213,0.004980755067551945,0.12451887668879866,0.05629684451684347,-0.03987596647903155,1.2340899235556129,0.5070000000000003,12.876865671641792,0.0,1.5,
breakout,40,0.1,10,,True,0.04,2.0,10,268,0.5111940298507462,1.2280107705873302,0.004582129740997501,0.11455324352493751,0.03894592556168718,-0.031355580392090174,1.2989620317190926,0.3358407106765885,7.854477611940299,0.0,1.5,
breakout,40,0.1,10,,True,0.04,2.0,20,268,0.48134328358208955,1.8512553868023736,0.006907669353740199,0.172691733843505,0.05432350123974673,-0.037096951605215506,1.3590155929643144,0.34373036333323315,12.369402985074627,0.0,1.5,
breakout,40,0.1,10,,True,0.04,2.0,40,268,0.41044776119402987,1.568752022556797,0.005853552322973123,0.1463388080743281,0.07139665272494362,-0.039777720108778496,1.2496073239540852,0.6707052058264533,15.977611940298507,0.0,1.5,
breakout,40,0.1,10,,True,0.04,2.5,10,268,0.5111940298507462,1.28855115760895,0.004808026707496082,0.12020066768740206,0.039387826196881484,-0.031355580392090174,1.3137007274525079,0.31212917221505,8.07089552238806,0.0,1.5,
breakout,40,0.1,10,,True,0.04,2.5,20,268,0.47388059701492535,2.235606843280121,0.008341816579403437,0.20854541448508596,0.0588510481606699,-0.037152313993794005,1.4267666257742722,0.3447048915446297,13.369402985074627,0.0,1.5,
breakout,40,0.1,10,,True,0.04,2.5,40,268,0.39552238805970147,2.1410973325627594,0.00798916915135358,0.19972922878383953,0.08033745796820009,-0.03934983464238549,1.335875622378561,0.5053115531554502,18.619402985074625,0.0,1.5,
breakout,40,0.1,10,,True,0.04,3.0,10,268,0.5111940298507462,1.2612228967530665,0.004706055584899502,0.11765138962248758,0.0391883498402692,-0.031355580392090174,1.3070475998216187,0.29212917221504997,8.130597014925373,0.0,1.5,
breakout,40,0.1,10,,True,0.04,3.0,20,268,0.47388059701492535,2.417805363584576,0.00902166180442006,0.2255415451105016,0.06028568217881521,-0.037152313993794005,1.4615474495873324,0.36125136795949764,13.835820895522389,0.0,1.5,
breakout,40,0.1,10,,True,0.04,3.0,40,268,0.3880597014925373,2.430320954567176,0.009068361770773045,0.22670904426932623,0.08545186698686179,-0.03936995861016127,1.376404515877513,0.4815094480555593,20.380597014925375,0.0,1.5,
breakout,40,0.1,10,,True,0.05,1.5,10,268,0.5447761194029851,1.4892532963701737,0.005556915284963335,0.11113830569926669,0.037533384427142734,-0.03271000680321857,1.373188373392245,0.3129217100613563,8.447761194029852,0.0,1.5,
breakout,40,0.1,10,,True,0.05,1.5,20,268,0.5335820895522388,2.1745377417711866,0.008113946797653681,0.1622789359530736,0.05113227339569689,-0.041099018830507754,1.423277791762178,0.3253035965969603,13.776119402985074,0.0,1.5,
breakout,40,0.1,10,,True,0.05,1.5,40,266,0.48872180451127817,2.1493214788084862,0.008080155935370249,0.16160311870740493,0.06605401449794233,-0.04733603239650014,1.3338647876236465,0.4690000000000012,18.270676691729324,0.0,1.5,
breakout,40,0.1,10,,True,0.05,2.0,10,268,0.5447761194029851,1.5813581514131372,0.005900590117213198,0.11801180234426399,0.03816423959866988,-0.03271000680321857,1.3962687057432221,0.30951757425827575,8.772388059701493,0.0,1.5,
breakout,40,0.1,10,,True,0.05,2.0,20,268,0.5261194029850746,2.657299821262225,0.00991529784053069,0.19830595681061383,0.0560048026601113,-0.041254939793806844,1.5071785523003252,0.32560955356635557,15.115671641791044,0.0,1.5,
breakout,40,0.1,10,,True,0.05,2.0,40,266,0.4548872180451128,2.5457733120260655,0.009570576361000246,0.19141152722000493,0.07694870786108636,-0.0466553126838992,1.3763142140589846,0.5028751461912381,21.93233082706767,0.0,1.5,
breakout,40,0.1,10,,True,0.05,2.5,10,268,0.5447761194029851,1.589029890557253,0.005929216009541989,0.11858432019083977,0.03821678575719123,-0.03271000680321857,1.3981911482580454,0.30951757425827575,8.835820895522389,0.0,1.5,
breakout,40,0.1,10,,True,0.05,2.5,20,268,0.5261194029850746,2.8292265132782806,0.010556815348053286,0.21113630696106572,0.057224140901359924,-0.041254939793806844,1.5399928888914698,0.3479191036204977,15.682835820895523,0.0,1.5,
breakout,40,0.1,10,,True,0.05,2.5,40,266,0.44360902255639095,2.749290976365103,0.010335680362274823,0.20671360724549642,0.08149864396574426,-0.0464023581864373,1.4003307397914715,0.5047120359503899,24.327067669172934,0.0,1.5,
breakout,40,0.1,10,,True,0.05,3.0,10,268,0.5447761194029851,1.5294899368632422,0.0057070520032210525,0.11414104006442105,0.03780897785517746,-0.03271000680321857,1.3832711755945137,0.30951757425827575,8.925373134328359,0.0,1.5,
breakout,40,0.1,10,,True,0.05,3.0,20,268,0.5261194029850746,2.8479091342209193,0.010626526620227311,0.2125305324045462,0.05735664175910914,-0.041254939793806844,1.5435586982770146,0.3479191036204977,16.026119402985074,0.0,1.5,
breakout,40,0.1,10,,True,0.05,3.0,40,266,0.43609022556390975,2.6205070130639405,0.009851530124300529,0.1970306024860105,0.08267289676428155,-0.04646366007728481,1.375993770716749,0.6128625988686061,25.94360902255639,0.0,1.5,
breakout,40,0.1,10,,True,0.06,1.5,10,268,0.5597014925373134,1.620644563865659,0.006047181208453952,0.10078635347423252,0.037059596829310405,-0.03337538102144832,1.4115091886482742,0.33126988185678397,9.063432835820896,0.0,1.5,
breakout,40,0.1,10,,True,0.06,1.5,20,268,0.5746268656716418,3.197121458019926,0.011929557679178828,0.1988259613196471,0.053831522856941705,-0.04467485142060611,1.6277564262343491,0.3601701663622823,15.779850746268657,0.0,1.5,
breakout,40,0.1,10,,True,0.06,1.5,40,265,0.5245283018867924,2.9499157143401504,0.01113175741260434,0.1855292902100723,0.0710820730632926,-0.05500390826553587,1.4256430173264525,0.5852245541813872,23.162264150943397,0.0,1.5,
breakout,40,0.1,10,,True,0.06,2.0,10,268,0.5597014925373134,1.6886031879653367,0.006300758164049763,0.10501263606749606,0.037512654323308255,-0.03337538102144832,1.428765037887793,0.33126988185678374,9.17910447761194,0.0,1.5,
breakout,40,0.1,10,,True,0.06,2.0,20,268,0.5671641791044776,3.29045000741446,0.012277798535128582,0.20462997558547635,0.05595646756160234,-0.04495631949956117,1.6309668730790274,0.41196015946447473,16.62686567164179,0.0,1.5,
breakout,40,0.1,10,,True,0.06,2.0,40,265,0.5018867924528302,3.217500798918059,0.012141512448747394,0.20235854081245652,0.07819388477635356,-0.05441125663891641,1.4479772671704085,0.6341649664222819,26.445283018867926,0.0,1.5,
breakout,40,0.1,10,,True,0.06,2.5,10,268,0.5597014925373134,1.664063234271325,0.006209191172654198,0.10348651954423665,0.03734905463201484,-0.03337538102144832,1.422533926724219,0.33126988185678397,9.272388059701493,0.0,1.5,
breakout,40,0.1,10,,True,0.06,2.5,20,268,0.5671641791044776,3.2930546162131273,0.012287517224675849,0.20479195374459747,0.0559736031458041,-0.04495631949956117,1.6314663250888093,0.41196015946447473,17.07089552238806,0.0,1.5,
breakout,40,0.1,10,,True,0.06,2.5,40,265,0.49056603773584906,2.902840906280128,0.010954116627472182,0.1825686104578697,0.07852042657726485,-0.05410973739825409,1.3973873514381252,0.6855794387143099,28.637735849056604,0.0,1.5,
breakout,40,0.1,10,,True,0.06,3.0,10,268,0.5597014925373134,1.6657287197426223,0.006215405670681426,0.1035900945113571,0.03736015786849016,-0.03337538102144832,1.4229568217810873,0.33126988185678397,9.272388059701493,0.0,1.5,
breakout,40,0.1,10,,True,0.06,3.0,20,268,0.5671641791044776,3.419668319823842,0.012759956417253141,0.2126659402875524,0.05680658803797986,-0.04495631949956117,1.6557453910148048,0.41196015946447473,17.14179104477612,0.0,1.5,
breakout,40,0.1,10,,True,0.06,3.0,40,265,0.4867924528301887,2.643595910296393,0.009975833623759972,0.1662638937293329,0.07717045620259899,-0.05376024220469762,1.3615721288746176,0.721699011706284,29.332075471698115,0.0,1.5,
breakout,40,0.1,10,,True,0.08,1.5,10,268,0.5671641791044776,1.7106389495574839,0.006382981155065239,0.07978726443831546,0.03777782279519893,-0.034755087200972014,1.4243087468292346,0.38597757197398597,9.48134328358209,0.0,1.5,
breakout,40,0.1,10,,True,0.08,1.5,20,268,0.582089552238806,3.126693116626067,0.011666765360545025,0.14583456700681283,0.05555680112772148,-0.049465784458022174,1.5643679390288332,0.5159467125125929,17.53358208955224,0.0,1.5,
breakout,40,0.1,10,,True,0.08,1.5,40,265,0.5320754716981132,2.607565425105008,0.009839869528698144,0.1229983691087268,0.07591170531181295,-0.06529020180532756,1.3220813054149618,0.8971851612316188,28.99245283018868,0.0,1.5,
breakout,40,0.1,10,,True,0.08,2.0,10,268,0.5671641791044776,1.6960989958634722,0.006328727596505494,0.07910909495631865,0.03768216520510675,-0.034755087200972014,1.420702240890353,0.38597757197398597,9.574626865671641,0.0,1.5,
breakout,40,0.1,10,,True,0.08,2.0,20,268,0.582089552238806,3.128390381211988,0.011673098437358165,0.14591373046697706,0.05556768102891329,-0.049465784458022174,1.5646742951951131,0.5159467125125929,18.03358208955224,0.0,1.5,
breakout,40,0.1,10,,True,0.08,2.0,40,265,0.5169811320754717,1.9269681972576596,0.007271578102859093,0.09089472628573864,0.07416158545764315,-0.0643216328940582,1.2340493915300796,0.9506025274699638,31.664150943396226,0.0,1.5,
breakout,40,0.1,10,,True,0.08,2.5,10,268,0.5671641791044776,1.6877644813347694,0.006297628661696901,0.07872035827121127,0.03762733287268107,-0.034755087200972014,1.41863493883575,0.38597757197398597,9.574626865671641,0.0,1.5,
breakout,40,0.1,10,,True,0.08,2.5,20,268,0.582089552238806,3.234402997989904,0.012068667902947403,0.15085834878684254,0.05624724908518198,-0.049465784458022174,1.58380956680967,0.5159467125125929,18.10820895522388,0.0,1.5,
breakout,40,0.1,10,,True,0.08,2.5,40,265,0.5169811320754717,2.3393450781187184,0.008827717275919692,0.11034646594899614,0.07717163568290636,-0.0643216328940582,1.2841366520172839,0.950602527469964,32.19622641509434,0.0,1.5,
breakout,40,0.1,10,,True,0.08,3.0,10,268,0.5671641791044776,1.6877644813347694,0.006297628661696901,0.07872035827121127,0.03762733287268107,-0.034755087200972014,1.41863493883575,0.38597757197398597,9.574626865671641,0.0,1.5,
breakout,40,0.1,10,,True,0.08,3.0,20,268,0.582089552238806,3.313977239607786,0.012365586714954425,0.1545698339369303,0.0567573403776043,-0.049465784458022174,1.5981727131328138,0.5159467125125929,18.152985074626866,0.0,1.5,
breakout,40,0.1,10,,True,0.08,3.0,40,265,0.5169811320754717,2.5207339650276985,0.009512203641613957,0.11890254552017444,0.07849564215669454,-0.0643216328940582,1.3061681306227861,0.950602527469964,32.56981132075472,0.0,1.5,
bottom,3,0.12,10,,False,0.03,1.5,10,6499,0.4766887213417449,27.73200042108952,0.004267118082949611,0.14223726943165368,0.04246858327430586,-0.030530923423319624,1.267075854287869,0.7620000000000027,2.6067087244191414,,,0.03
bottom,3,0.12,10,,False,0.03,1.5,20,6499,0.4719187567318049,27.9795226893129,0.004305204291323727,0.1435068097107909,0.04368865049332384,-0.030889734374624514,1.2639239780202616,0.7839029675628026,2.8112017233420525,,,0.03
bottom,3,0.12,10,,False,0.03,1.5,40,6499,0.4706877981227881,27.8493004654341,0.004285167020377612,0.14283890067925373,0.04392801885451529,-0.0309670084914326,1.2614307055757887,0.8791099306570054,2.881981843360517,,,0.03
bottom,3,0.12,10,,False,0.03,2.0,10,6476,0.43468190240889437,41.354827302579004,0.006385859682300649,0.2128619894100217,0.0542548511924402,-0.030421354494438727,1.3713196528860627,0.7689432313544842,3.1724830142063003,,,0.03
bottom,3,0.12,10,,False,0.03,2.0,20,6476,0.41970352069178507,40.94123749568413,0.006321994671970989,0.21073315573236637,0.05770078138697326,-0.03083807512349899,1.3532782722387444,0.8252440024186001,3.602686843730698,,,0.03
bottom,3,0.12,10,,False,0.03,2.0,40,6476,0.4150710315009265,40.480326245552625,0.006250822459165013,0.20836074863883378,0.05866887782760513,-0.03094551672519798,1.3453315792678637,0.89699999999997,3.7921556516368127,,,0.03
bottom,3,0.12,10,,False,0.03,2.5,10,6449,0.4084354163436192,51.28219049265805,0.007951960070190426,0.2650653356730142,0.06347348050151745,-0.03038190226693025,1.442442729533712,0.8422522663317267,3.657776399441774,,,0.03
bottom,3,0.12,10,,False,0.03,2.5,20,6449,0.3823848658706776,51.14129993748611,0.007930113186150738,0.26433710620502465,0.07046972671672705,-0.03079011954455506,1.4170134681539674,0.8568506107213167,4.362846953015971,,,0.03
bottom,3,0.12,10,,False,0.03,2.5,40,6449,0.3727709722437587,50.952800145070114,0.007900883880457453,0.2633627960152485,0.07323778907125245,-0.030929751491278308,1.4072612588761844,1.0169999999999462,4.7249185920297725,,,0.03
bottom,3,0.12,10,,False,0.03,3.0,10,6433,0.3903311052386134,57.98904041692075,0.009014307541881043,0.3004769180627014,0.07042630487733331,-0.030303776422759617,1.4879120901094,0.8631357654979936,4.032955075392508,,,0.03
bottom,3,0.12,10,,False,0.03,3.0,20,6433,0.3541116120006218,58.28344530988787,0.009060072331709601,0.3020024110569867,0.08168930813820802,-0.030759277648363424,1.4560348745519296,0.9509999999999366,5.050987097777087,,,0.03
bottom,3,0.12,10,,False,0.03,3.0,40,6433,0.3394994559303591,59.35554713098182,0.00922672891823128,0.30755763060770924,0.08731143854061468,-0.03090906910843038,1.4519481946958992,0.9509999999999366,5.642468521685061,,,0.03
bottom,3,0.12,10,,False,0.04,1.5,10,6460,0.49922600619195046,44.93278527856954,0.00695553951680643,0.1738884879201608,0.053167075892611874,-0.03911314821486978,1.3551127631649178,0.8510081023153617,3.7837461300309596,,,0.03
bottom,3,0.12,10,,False,0.04,1.5,20,6460,0.48343653250773994,44.0603645198033,0.006820489863746641,0.17051224659366604,0.05731552823431502,-0.040436329084795476,1.326527795940619,0.771819921705081,4.469040247678018,,,0.03
bottom,3,0.12,10,,False,0.04,1.5,40,6460,0.47832817337461303,43.47619411932717,0.0067300610091837725,0.16825152522959433,0.05856813039396181,-0.04080098777389165,1.3161920461676817,0.8640326773785769,4.784365325077399,,,0.03
bottom,3,0.12,10,,False,0.04,2.0,10,6428,0.4653080273802116,57.42727211463945,0.008933925344530094,0.22334813361325234,0.06398717384308283,-0.03897537528368383,1.4286949320330578,0.8067812550720177,4.488954573739888,,,0.03
bottom,3,0.12,10,,False,0.04,2.0,20,6428,0.43201617921593033,56.67522573723343,0.008816929952898792,0.22042324882246978,0.07334109267186731,-0.04026102125788608,1.3855641433798132,0.8712702806249055,5.689016801493466,,,0.03
bottom,3,0.12,10,,False,0.04,2.0,40,6428,0.41925948973242066,56.86620161819549,0.008846639953048458,0.22116599882621146,0.07747080608766019,-0.04069585341228201,1.374322618556103,0.9076509950147766,6.390168014934661,,,0.03
bottom,3,0.12,10,,False,0.04,2.5,10,6382,0.44562832967721716,67.04809481426919,0.010505812412138701,0.2626453103034676,0.07185663446711978,-0.03881067654330679,1.4882895161545908,1.2007265982527144,4.997649639611407,,,0.03
bottom,3,0.12,10,,False,0.04,2.5,20,6379,0.4016303495845744,67.29887513619576,0.010550066646213475,0.26375166615533696,0.08613781419891749,-0.04018501567760828,1.4387544186634562,1.4468199217049218,6.671735381721273,,,0.03
bottom,3,0.12,10,,False,0.04,2.5,40,6378,0.3794292881781123,69.61532736725279,0.010914914921174787,0.27287287302936974,0.09519502728163529,-0.04061562371255801,1.4330479160923206,1.4628268812525462,7.8444653496393855,,,0.03
bottom,3,0.12,10,,False,0.04,3.0,10,6327,0.4316421684842737,69.47988275113593,0.01098148929210304,0.27453723230257604,0.07644261379011956,-0.0387332857368411,1.4988328597791631,1.0202091928883945,5.3875454401770195,,,0.03
bottom,3,0.12,10,,False,0.04,3.0,20,6311,0.37902075740770086,72.11130836789306,0.011426288760559825,0.2856572190139957,0.09586369064653708,-0.040110905756219346,1.4587389781515179,1.3468199217048777,7.507684994454127,,,0.03
bottom,3,0.12,10,,False,0.04,3.0,40,6305,0.3486122125297383,75.71357151125618,0.01200849667109535,0.30021241677738386,0.11023075576085616,-0.04055846838351732,1.454535160636416,1.3628268812525022,9.23187946074544,,,0.03
bottom,3,0.12,10,,False,0.05,1.5,10,6407,0.5183393163727174,58.20869113998095,0.00908517108474808,0.1817034216949616,0.06087840301637816,-0.04665213392009426,1.4043155071599138,0.9822486125332124,4.875604807242079,,,0.03
bottom,3,0.12,10,,False,0.05,1.5,20,6406,0.4928192319700281,57.53204742059613,0.008980962756883567,0.17961925513767127,0.06904098384337605,-0.04937837444534997,1.358610771082044,1.1531169781001749,6.250234155479238,,,0.03
bottom,3,0.12,10,,False,0.05,1.5,40,6406,0.4828285981891976,57.65537836160182,0.009000215167280959,0.1800043033456191,0.07262469894361935,-0.05039928025083395,1.345297994760177,1.1613370025402339,7.069778332812988,,,0.03
bottom,3,0.12,10,,False,0.05,2.0,10,6340,0.49116719242902207,69.96533646675967,0.01103554202945736,0.2207108405891472,0.0705119601034093,-0.04637597870280746,1.4676548858730807,1.0922208107434153,5.5968454258675076,,,0.03
bottom,3,0.12,10,,False,0.05,2.0,20,6334,0.4488474897379223,70.97076396974127,0.011204730655153343,0.2240946131030668,0.08529213104167944,-0.04913055416263346,1.4137880732472607,1.1719739480416669,7.6717713924850015,,,0.03
bottom,3,0.12,10,,False,0.05,2.0,40,6331,0.42663086400252725,73.60433386101539,0.011626020196022017,0.23252040392044032,0.09460473094548684,-0.050116541163290514,1.4045904909659326,1.3456425790838455,9.205654714894962,,,0.03
bottom,3,0.12,10,,False,0.05,2.5,10,6249,0.47543606977116337,73.41525133672532,0.011748319945067262,0.23496639890134519,0.07565503699559796,-0.04617323477034661,1.4850505926999074,1.0988069604532527,6.105296847495599,,,0.03
bottom,3,0.12,10,,False,0.05,2.5,20,6218,0.4215181730459955,76.82776409189441,0.012355703456399872,0.2471140691279974,0.0964964463984044,-0.04895452374710136,1.436299712128817,1.106811102283288,8.806851077516887,,,0.03
bottom,3,0.12,10,,False,0.05,2.5,40,6204,0.38813668600902645,81.22467598783405,0.013092307541559324,0.2618461508311865,0.11258769853196178,-0.050022787691551614,1.4277538166185262,1.2196425790838497,11.13910380399742,,,0.03
bottom,3,0.12,10,,False,0.05,3.0,10,6141,0.46767627422243935,74.71554136501501,0.012166673402542749,0.24333346805085493,0.07843666611250853,-0.04605523515145595,1.4962688577735752,1.0527902285186954,6.424686533137925,,,0.03
bottom,3,0.12,10,,False,0.05,3.0,20,6081,0.40388094063476404,78.94926076285122,0.012982940431319064,0.2596588086263813,0.10421995757116023,-0.048831711732942984,1.4460033376762746,1.1166361328267342,9.624239434303568,,,0.03
bottom,3,0.12,10,,False,0.05,3.0,40,6050,0.36016528925619834,84.24824944782682,0.013925330487244102,0.27850660974488206,0.12733962539005866,-0.04991598922167683,1.4360115882799347,1.2890567435411597,12.725289256198348,,,0.03
bottom,3,0.12,10,,False,0.06,1.5,10,6319,0.5348947618294034,68.51819759849738,0.010843202658410727,0.18072004430684543,0.06616185820436156,-0.0527760745601377,1.4417425760204803,1.3203146939537485,5.844279158094635,,,0.03
bottom,3,0.12,10,,False,0.06,1.5,20,6305,0.5043616177636796,70.72283391113706,0.011216944315802864,0.18694907193004776,0.07861505347253056,-0.05736737156208323,1.3944978867834683,1.4179739480416607,8.044726407613005,,,0.03
bottom,3,0.12,10,,False,0.06,1.5,40,6302,0.48905109489051096,73.1905904578694,0.011613867098995463,0.19356445164992434,0.08586594006887209,-0.05945597417217217,1.3822996318382412,1.4780572961381746,9.65598222786417,,,0.03
bottom,3,0.12,10,,False,0.06,2.0,10,6191,0.5133257955096108,76.6133786575165,0.012374960209581086,0.2062493368263514,0.07377756768056275,-0.052390219525825385,1.4853502585168303,1.0837129716978318,6.5706670973994505,,,0.03
bottom,3,0.12,10,,False,0.06,2.0,20,6149,0.46771832818344444,81.72576683911343,0.013290903698018122,0.22151506163363532,0.09323308364868985,-0.05695465375329011,1.4384133628678781,1.054973881171044,9.631810050414702,,,0.03
bottom,3,0.12,10,,False,0.06,2.0,40,6129,0.4364496655245554,85.53206762934668,0.01395530553586991,0.23258842559783188,0.10829916624724281,-0.05911065491662646,1.4189294256261455,1.225999999999999,12.385217816935878,,,0.03
bottom,3,0.12,10,,False,0.06,2.5,10,6054,0.5037991410637594,78.98210452257258,0.01304626767799349,0.21743779463322485,0.07717197169106864,-0.05206138786124726,1.5050251796703242,1.1106377210225853,6.992897258011232,,,0.03
bottom,3,0.12,10,,False,0.06,2.5,20,5970,0.4469011725293132,85.85743009402864,0.01438147907772674,0.23969131796211243,0.10238787161395647,-0.056727259652334105,1.4583624283234826,1.1545986052328487,10.741206030150753,,,0.03
bottom,3,0.12,10,,False,0.06,2.5,40,5919,0.40192600101368475,91.13364325551633,0.015396797306220025,0.25661328843700054,0.12597058465489774,-0.0589125360560693,1.436986229837921,1.3982989123337006,14.531339753336713,,,0.03
bottom,3,0.12,10,,False,0.06,3.0,10,5998,0.5028342780926975,85.24195056899266,0.014211729004500278,0.23686215007500463,0.07970387717420253,-0.05202714385928979,1.5494342833679402,1.1812318840579694,7.205735245081694,,,0.03
bottom,3,0.12,10,,False,0.06,3.0,20,5867,0.4383841827168911,92.79006696401973,0.015815590073976434,0.26359316789960724,0.10865055739801084,-0.05664921598290263,1.4971096176123806,1.2971314358148511,11.435316175217316,,,0.03
bottom,3,0.12,10,,False,0.06,3.0,40,5785,0.3825410544511668,98.56003444588232,0.017037171036453296,0.283952850607555,0.13951213949931462,-0.05884107790204394,1.4689308191737036,1.2849999999999984,16.063094209161626,,,0.03
bottom,3,0.12,10,,False,0.08,1.5,10,6051,0.5549495951082466,80.02269806190967,0.01322470633976362,0.1653088292470453,0.07266101180386093,-0.06088859248995743,1.488023687006832,1.359026942427768,7.341100644521567,,,0.03
bottom,3,0.12,10,,False,0.08,1.5,20,5959,0.5282765564692062,89.67944694562598,0.015049412140564856,0.18811765175706077,0.09113944760512555,-0.070162765604877,1.454700442044744,1.0571314358148465,11.245510991777143,,,0.03
bottom,3,0.12,10,,False,0.08,1.5,40,5916,0.4969574036511156,89.80837348705754,0.015180590515053674,0.18975738143817095,0.10727204249220959,-0.07579685196237856,1.3981371794899942,1.4546162022727458,14.991210277214334,,,0.03
bottom,3,0.12,10,,False,0.08,2.0,10,5888,0.5451766304347826,84.93000523875787,0.014424253607125997,0.18030317008907493,0.07679395036298403,-0.06033553974100853,1.5256266495395179,1.1599781274454575,7.871433423913044,,,0.03
bottom,3,0.12,10,,False,0.08,2.0,20,5727,0.5056748734066702,98.06081429101447,0.017122544838661508,0.21403181048326883,0.10196756602039816,-0.06967052522220367,1.4971718621026748,1.2203294630728334,12.772830452243758,,,0.03
bottom,3,0.12,10,,False,0.08,2.0,40,5620,0.45409252669039146,99.13315558428401,0.017639351527452673,0.22049189409315845,0.12935813472175015,-0.07528970150769959,1.4291686599990099,1.5593724512360723,18.176512455516015,,,0.03
bottom,3,0.12,10,,False,0.08,2.5,10,5809,0.5431227405749699,89.0257447912516,0.01532548541767113,0.1915685677208891,0.0789849447935813,-0.060351076123774466,1.5558142521281284,1.4762100115034276,8.104320881390946,,,0.03
bottom,3,0.12,10,,False,0.08,2.5,20,5565,0.4964959568733154,102.45851912874168,0.018411234344787364,0.23014042930984205,0.10743509188589119,-0.06937353310206126,1.5270916429378023,1.6155384496299359,13.643845462713386,,,0.03
bottom,3,0.12,10,,False,0.08,2.5,40,5398,0.43460540941089293,109.6800018300838,0.02031863687107888,0.253982960888486,0.14430251758669113,-0.07498483107086948,1.4792581448662963,1.5829999999999895,20.350870692849202,,,0.03
bottom,3,0.12,10,,False,0.08,3.0,10,5762,0.5425199583477959,92.12725694437006,0.015988763787637982,0.1998595473454748,0.0802974345294625,-0.06027409840467744,1.5798451269274465,1.355210011503429,8.219888927455745,,,0.03
bottom,3,0.12,10,,False,0.08,3.0,20,5456,0.4937683284457478,107.73207963975746,0.019745615769750268,0.24682019712187836,0.11083473316940476,-0.06910090207046306,1.5644658239779226,1.4945384496299354,14.158724340175953,,,0.03
bottom,3,0.12,10,,False,0.08,3.0,40,5219,0.4234527687296417,112.37439932899375,0.021531787570222984,0.2691473446277873,0.15246468590494472,-0.0746336179863523,1.5003923946447058,1.461999999999989,21.98812032956505,,,0.03
bottom,3,0.12,10,,False,0.03,1.5,10,5894,0.47675602307431286,25.097827582328524,0.004258199454076777,0.14193998180255923,0.04242479838586336,-0.030517462996740442,1.26666949311718,0.6070000000000024,2.5719375636240245,,,0.02
bottom,3,0.12,10,,False,0.03,1.5,20,5894,0.47166610111978285,25.002525751509317,0.004242030158043657,0.1414010052681219,0.04356623560360196,-0.030864357490849113,1.2601405382006081,0.6070000000000024,2.787750254496098,,,0.02
bottom,3,0.12,10,,False,0.03,1.5,40,5894,0.4699694604682728,24.844203962632623,0.004215168639740859,0.14050562132469527,0.04388067187069316,-0.030955588066321198,1.2569064464821453,0.6070000000000024,2.8732609433322023,,,0.02
bottom,3,0.12,10,,False,0.03,2.0,10,5874,0.43649982975825674,38.05470592500821,0.0064784994765080366,0.21594998255026795,0.05414074521408368,-0.030441741632598895,1.3776686020895654,0.5920000000000023,3.120360912495744,,,0.02
bottom,3,0.12,10,,False,0.03,2.0,20,5874,0.42117807286346615,37.35805300303262,0.006359900068612976,0.21199666895376593,0.057459496496857006,-0.030822570979468115,1.356481055888232,0.6349999999999589,3.5602655771195098,,,0.02
bottom,3,0.12,10,,False,0.03,2.0,40,5874,0.416241062308478,37.14178822624891,0.006323082776004242,0.21076942586680808,0.05858476053947861,-0.030941368122711078,1.3500707391017994,0.6349999999999589,3.765236636023153,,,0.02
bottom,3,0.12,10,,False,0.03,2.5,10,5853,0.41141295062361183,48.64615418333889,0.008311319696452912,0.27704398988176376,0.06370116214613072,-0.030405295867792132,1.464419077981256,0.5770000000000031,3.5943960362207417,,,0.02
bottom,3,0.12,10,,False,0.03,2.5,20,5853,0.386297625149496,48.51311885895879,0.008288590271477669,0.276286342382589,0.07034810826375072,-0.03077504285227773,1.438858183883179,0.7011369355153363,4.274389202118572,,,0.02
bottom,3,0.12,10,,False,0.03,2.5,40,5853,0.37638817700324617,48.15378230594036,0.008227196703560629,0.27423989011868777,0.07308527438692479,-0.030918651279028753,1.4266944554295278,0.6840182176267504,4.641893046301043,,,0.02
bottom,3,0.12,10,,False,0.03,3.0,10,5840,0.3929794520547945,55.26723149693953,0.00946356703714718,0.3154522345715727,0.07094362572018674,-0.030338050643410167,1.5138824647956834,0.6711171954475432,3.9761986301369863,,,0.02
bottom,3,0.12,10,,False,0.03,3.0,20,5840,0.35941780821917807,56.60888305819556,0.009693301893526636,0.3231100631175546,0.08179279376222419,-0.03076027560778215,1.4919337910811987,0.8238334817452682,4.952568493150685,,,0.02
bottom,3,0.12,10,,False,0.03,3.0,40,5840,0.3446917808219178,57.252959833960986,0.009803589012664553,0.32678630042215173,0.0871821415042053,-0.030897489159656198,1.484190531879188,0.8569590382902348,5.523116438356165,,,0.02
bottom,3,0.12,10,,False,0.04,1.5,10,5854,0.49846258968226853,40.09337821808206,0.006848885927243262,0.17122214818108158,0.05318256672512279,-0.03920073279489995,1.3483552933378566,0.7263552831245406,3.714383327639221,,,0.02
bottom,3,0.12,10,,False,0.04,1.5,20,5854,0.4832593098735907,39.24549779178303,0.006704048136621631,0.1676012034155408,0.05711557892634363,-0.0404411487573035,1.3208048899929528,0.8273442027175668,4.390843867441066,,,0.02
bottom,3,0.12,10,,False,0.04,1.5,40,5854,0.47779296207721217,38.884619704000784,0.006642401725999451,0.1660600431499863,0.058496629405162766,-0.04080158741977084,1.311749206782384,0.9066764558995604,4.721557909121968,,,0.02
bottom,3,0.12,10,,False,0.04,2.0,10,5829,0.46491679533367647,53.08873645675885,0.00910769196376031,0.22769229909400776,0.06458098762783046,-0.039091292085495895,1.4354186117744692,0.7627812550720172,4.4036712986790185,,,0.02
bottom,3,0.12,10,,False,0.04,2.0,20,5829,0.4343798250128667,53.07655479704159,0.009105602126787028,0.22764005316967573,0.073436921227729,-0.04029897778330854,1.3994751309934013,0.8423395308337547,5.526848516040487,,,0.02
bottom,3,0.12,10,,False,0.04,2.0,40,5829,0.42065534396980614,52.39921774171138,0.008989400882091506,0.22473502205228757,0.07741301030777924,-0.0406921775341911,1.3813140540384148,0.8974253938832355,6.2065534396980615,,,0.02
bottom,3,0.12,10,,False,0.04,2.5,10,5792,0.4428522099447514,60.01291032479875,0.010361345014640668,0.2590336253660168,0.07239991799530533,-0.03895038095232706,1.477456723429253,1.1059539301413253,4.925932320441989,,,0.02
bottom,3,0.12,10,,False,0.04,2.5,20,5789,0.40093280359302125,61.45522876023348,0.010615862629164533,0.2653965657291134,0.08662016727388618,-0.04025091680578326,1.4402546725570844,1.2753232776635315,6.529452409742615,,,0.02
bottom,3,0.12,10,,False,0.04,2.5,40,5788,0.3783690393918452,62.23915704428694,0.010753137015253445,0.2688284253813362,0.09516929734817316,-0.040628572581493126,1.4257660011801703,1.3084488342084981,7.635625431928127,,,0.02
bottom,3,0.12,10,,False,0.04,3.0,10,5751,0.42775169535732915,61.993195031779976,0.01077955051848026,0.2694887629620066,0.07724509987305526,-0.038902993210554834,1.4842092928727089,0.9802531651843154,5.317857763867154,,,0.02
bottom,3,0.12,10,,False,0.04,3.0,20,5738,0.3769606134541652,66.16378488613864,0.011530809495667243,0.28827023739168117,0.09696146229473783,-0.04015772253353266,1.4608665842603261,0.9953232776634877,7.343848030672708,,,0.02
bottom,3,0.12,10,,False,0.04,3.0,40,5730,0.3474694589877836,68.05633092277152,0.011877195623520336,0.29692989058800856,0.11043398562762753,-0.040603833768878,1.4482765545409988,1.0329999999999018,8.961256544502618,,,0.02
bottom,3,0.12,10,,False,0.05,1.5,10,5804,0.5187801516195727,53.294838949596524,0.009182432623982861,0.1836486524796572,0.06105336849418097,-0.04673714772158338,1.408274272631589,0.9164848752944224,4.808924879393522,,,0.02
bottom,3,0.12,10,,False,0.05,1.5,20,5803,0.4950887471997243,53.18876596892902,0.009165735993267107,0.1833147198653421,0.06894982369818538,-0.04945531655834729,1.3670618997113564,1.0667306802266932,6.144580389453731,,,0.02
bottom,3,0.12,10,,False,0.05,1.5,40,5803,0.48440461830087883,53.31180521101974,0.009186938688785066,0.18373877377570128,0.07257452272062118,-0.05036603548016257,1.3537724687886332,1.2023370025402302,6.963639496811994,,,0.02
bottom,3,0.12,10,,False,0.05,2.0,10,5745,0.48877284595300263,62.11530217270995,0.010812063041376841,0.2162412608275368,0.07078278311188953,-0.0465246008871215,1.4545817534950942,0.7709999999999759,5.548999129677981,,,0.02
bottom,3,0.12,10,,False,0.05,2.0,20,5739,0.447290468722774,63.66383309791222,0.011093192733561982,0.22186385467123965,0.08561988349479298,-0.0492189179802085,1.4077815220856793,0.8781394887854574,7.572573619097404,,,0.02
bottom,3,0.12,10,,False,0.05,2.0,40,5737,0.42496078089593864,65.27406046531887,0.011377734088429296,0.22755468176858587,0.09458859419113921,-0.050116075226637934,1.3948037430143967,1.048789464118761,9.049503224681889,,,0.02
bottom,3,0.12,10,,False,0.05,2.5,10,5670,0.4724867724867725,65.0396341574261,0.011470834948399664,0.2294166989679933,0.0760213442857577,-0.0463462210578799,1.4691884882156139,0.8960000000000035,6.06331569664903,,,0.02
bottom,3,0.12,10,,False,0.05,2.5,20,5642,0.41900035448422546,69.64932318142351,0.012344793190610335,0.24689586381220674,0.09743107222097468,-0.04901700169278848,1.4334721588983874,1.1804914775291726,8.694257355547679,,,0.02
bottom,3,0.12,10,,False,0.05,2.5,40,5626,0.3869534305012442,72.54086325326097,0.012893861225250793,0.2578772245050159,0.11265278147904138,-0.05007371470762891,1.4200294237247693,1.2789148775613732,10.93298969072165,,,0.02
bottom,3,0.12,10,,False,0.05,3.0,10,5584,0.4657951289398281,68.1787600249847,0.012209663328256572,0.24419326656513138,0.07925599666624064,-0.04625078354137017,1.494170425191538,0.8710000000000031,6.3812679083094554,,,0.02
bottom,3,0.12,10,,False,0.05,3.0,20,5532,0.4029284164859002,74.86426203394598,0.013532946860800069,0.2706589372160013,0.10600545502293418,-0.04887129797522686,1.4637800901047753,1.0096074226737315,9.503073029645698,,,0.02
bottom,3,0.12,10,,False,0.05,3.0,40,5506,0.3599709407918634,78.0743985193443,0.014179876229448656,0.28359752458897314,0.1281706366953871,-0.049931839787432715,1.4437058748981433,1.227347149207617,12.471485652015982,,,0.02
bottom,3,0.12,10,,False,0.06,1.5,10,5735,0.5351351351351351,63.60434010310978,0.011090556251632045,0.18484260419386742,0.06656615483850342,-0.05277088863325478,1.4520975968863241,0.9868887583235422,5.783260680034873,,,0.02
bottom,3,0.12,10,,False,0.06,1.5,20,5723,0.5046304385811637,64.61423758932926,0.011290273910419231,0.18817123184032053,0.07884221706297868,-0.0575245450753274,1.39620683948824,1.0365876501681814,7.92067097676044,,,0.02
bottom,3,0.12,10,,False,0.06,1.5,40,5720,0.48846153846153845,66.57147390742111,0.011638369564234459,0.1939728260705743,0.086049153879436,-0.059415537263063256,1.3829250890936775,1.2429886533924663,9.461188811188812,,,0.02
bottom,3,0.12,10,,False,0.06,2.0,10,5627,0.5109294473076239,68.46203737500136,0.012166702927848118,0.20277838213080196,0.07404127827744421,-0.05247334217756206,1.4740920395237993,0.9642205731068003,6.527279189621468,,,0.02
bottom,3,0.12,10,,False,0.06,2.0,20,5589,0.46394703882626587,73.31334691358597,0.013117435482838787,0.21862392471397973,0.09421237526142705,-0.057069206321526816,1.4287848227527902,1.0178445816582213,9.523349436392914,,,0.02
bottom,3,0.12,10,,False,0.06,2.0,40,5569,0.43365056563117255,76.03095984756442,0.013652533641150013,0.2275422273525002,0.10877561740622005,-0.059182674758546924,1.4073185556198247,1.2856282747800165,12.161968037349613,,,0.02
bottom,3,0.12,10,,False,0.06,2.5,10,5515,0.5022665457842248,72.30968937205078,0.013111457728386362,0.21852429547310603,0.07785928863837237,-0.05222606198770153,1.504390464023395,0.9430258651795036,6.94777878513146,,,0.02
bottom,3,0.12,10,,False,0.06,2.5,20,5444,0.443791329904482,79.94318183248205,0.01468464030721566,0.244744005120261,0.1043476795350326,-0.05685627870678887,1.46435179376187,0.9960265427325936,10.606722997795739,,,0.02
bottom,3,0.12,10,,False,0.06,2.5,40,5404,0.3997039230199852,83.55582848926116,0.015461848351084596,0.2576974725180767,0.12719247203409997,-0.05893338813329062,1.4370533912615697,1.5716340941195597,14.22760917838638,,,0.02
bottom,3,0.12,10,,False,0.06,3.0,10,5455,0.5006416131989001,77.22021702221267,0.014155860132394622,0.23593100220657706,0.08030559928267807,-0.05216386733435432,1.5434431674679832,1.1202318840579695,7.1809349220898255,,,0.02
bottom,3,0.12,10,,False,0.06,3.0,20,5343,0.43383866741530974,85.63312427979221,0.01602716157211159,0.26711935953519317,0.11104241634777548,-0.05678122208738886,1.498553391343479,1.2239999999999984,11.329028635597979,,,0.02
bottom,3,0.12,10,,False,0.06,3.0,40,5273,0.3781528541627157,88.67339576833697,0.016816498344080593,0.28027497240134325,0.14128401096601495,-0.058873718236626064,1.4593359728541508,1.423562165143192,15.796510525317656,,,0.02
bottom,3,0.12,10,,False,0.08,1.5,10,5501,0.5493546627885839,68.41149394639734,0.012436192318923348,0.15545240398654186,0.07304598759615963,-0.06144956860395201,1.449090335826218,1.5423397414774982,7.2799491001636065,,,0.02
bottom,3,0.12,10,,False,0.08,1.5,20,5421,0.5227817745803357,76.6092323027897,0.01413193733679943,0.1766492167099929,0.09171049175210617,-0.07085361473625015,1.4179484029583367,1.074838845100559,11.07858328721638,,,0.02
bottom,3,0.12,10,,False,0.08,1.5,40,5385,0.4906220984215413,76.26715650354484,0.014162888858597,0.17703611073246253,0.10769133500136475,-0.07592174647103932,1.36622295053009,1.3083425209283917,14.681522748375116,,,0.02
bottom,3,0.12,10,,False,0.08,2.0,10,5364,0.54082774049217,73.95845834703206,0.013787930340610004,0.17234912925762505,0.07726586671360104,-0.0609784088465792,1.492433227897565,1.132875554954289,7.821215510812826,,,0.02
bottom,3,0.12,10,,False,0.08,2.0,20,5226,0.49942594718714123,85.82469693238288,0.016422636228928984,0.20528295286161233,0.10331298072489618,-0.07026841848608416,1.4668897716475546,1.4047292861051885,12.597397627248373,,,0.02
bottom,3,0.12,10,,False,0.08,2.0,40,5143,0.4468209216410655,85.10045605979616,0.016546851265758538,0.20683564082198172,0.13026404120746096,-0.07530626032862886,1.3972085017827798,1.767487595363975,17.804588761423293,,,0.02
bottom,3,0.12,10,,False,0.08,2.5,10,5292,0.5383597883597884,78.08650707690018,0.014755575789285748,0.18444469736607183,0.07959933844855163,-0.060864514188712,1.525156045987942,1.373983558616957,8.056122448979592,,,0.02
bottom,3,0.12,10,,False,0.08,2.5,20,5080,0.49173228346456693,92.55554618454038,0.018219595705618184,0.22774494632022727,0.10934241147779519,-0.06993872877110456,1.5125408394979534,1.5024070138150805,13.503149606299212,,,0.02
bottom,3,0.12,10,,False,0.08,2.5,40,4947,0.42874469375379015,96.87858338463631,0.019583299653251732,0.24479124566564664,0.14572641657134303,-0.07509099298060234,1.4565283739791637,1.8454566503865042,19.997574287446938,,,0.02
bottom,3,0.12,10,,False,0.08,3.0,10,5246,0.5377430423179566,81.0929404193182,0.015458051928958863,0.19322564911198578,0.08098144833058442,-0.06076524755515895,1.5503209342054531,1.349667038834471,8.176134197483798,,,0.02
bottom,3,0.12,10,,False,0.08,3.0,20,4974,0.487535182951347,95.1709023000617,0.019133675572991896,0.23917094466239866,0.11244394486168295,-0.06963737308337364,1.5361569888027964,1.4891485413107168,14.038198632891033,,,0.02
bottom,3,0.12,10,,False,0.08,3.0,40,4775,0.41717277486911,99.52850690361598,0.02084366636724942,0.26054582959061773,0.15436402130322638,-0.07472677812878584,1.4785838341784345,1.6250497413983274,21.67413612565445,,,0.02
